Date,seguimiento de hábitos,Work Block 1,Study Block,Tarea más importante,Respiración Wim Hof,Ducha fría Wim Hof,Work Block 2,Respiración Buteyko,Aeróbico,Pesas,Ejercicios posturales,Flow state,rutina de noche,Medito,Energía,Dormí,Desgano (t),Desgano (i),Tristeza,Tristeza (i),Deep work,Bailo,planificación semanal,Suplementos,
2022-09-30,0.0862,0.1888,0.0919,0.0865,0.0074,0.0731,0.2491,0.0009,0.0815,0.1202,0.0402,0.0723,0.1926,0.0545,0.0409,0.0895,0.0798,0.0855,0.0407,0.0291,0.0591,0.2066,0.3091,0.0994,
2022-09-29,0.0909,0.1955,0.0952,0.0905,0.0078,0.0757,0.2563,0.0009,0.0838,0.1237,0.0416,0.0757,0.2014,0.0571,0.0427,0.0940,0.0841,0.0898,0.0429,0.0304,0.0606,0.2126,0.3147,0.1048,
2022-09-28,0.0959,0.2025,0.0985,0.0947,0.0083,0.0783,0.2637,0.0010,0.0863,0.1272,0.0431,0.0792,0.2107,0.0597,0.0447,0.0986,0.0887,0.0943,0.0452,0.0318,0.0620,0.2187,0.3203,0.1106,
2022-09-27,0.1012,0.2097,0.1020,0.0991,0.0087,0.0811,0.2714,0.0010,0.0887,0.1309,0.0446,0.0828,0.2204,0.0624,0.0467,0.1036,0.0935,0.0991,0.0477,0.0333,0.0635,0.2250,0.3261,0.1166,
2022-09-26,0.1067,0.2171,0.1057,0.1036,0.0092,0.0840,0.2792,0.0011,0.0913,0.1347,0.0462,0.0866,0.2306,0.0653,0.0489,0.1088,0.0986,0.1042,0.0503,0.0349,0.0651,0.2315,0.3319,0.1230,
2022-09-25,0.1126,0.2248,0.1094,0.1084,0.0097,0.0870,0.2873,0.0011,0.0940,0.1386,0.0478,0.0906,0.2412,0.0683,0.0512,0.1143,0.1040,0.1095,0.0530,0.0365,0.0666,0.2382,0.3379,0.1297,
2022-09-24,0.1187,0.2328,0.1133,0.1134,0.0102,0.0901,0.2956,0.0012,0.0967,0.1426,0.0495,0.0948,0.2523,0.0715,0.0536,0.1201,0.1096,0.1151,0.0558,0.0383,0.0682,0.2451,0.3439,0.1368,
2022-09-23,0.1252,0.2411,0.1173,0.1186,0.0108,0.0933,0.3041,0.0012,0.0995,0.1467,0.0513,0.0992,0.2640,0.0748,0.0562,0.1262,0.1156,0.1211,0.0588,0.0401,0.0699,0.2522,0.3501,0.1443,
2022-09-22,0.1321,0.2497,0.1215,0.1241,0.0114,0.0966,0.3129,0.0013,0.1023,0.1510,0.0531,0.1037,0.2761,0.0782,0.0589,0.1327,0.1219,0.1274,0.0620,0.0421,0.0716,0.2595,0.3564,0.1522,
2022-09-21,0.1393,0.2585,0.1258,0.1298,0.0120,0.1000,0.3220,0.0014,0.1053,0.1553,0.0550,0.1085,0.2889,0.0818,0.0618,0.1395,0.1285,0.1340,0.0654,0.0441,0.0733,0.2670,0.3628,0.1606,
2022-09-20,0.1470,0.2677,0.1303,0.1358,0.0126,0.1036,0.3313,0.0015,0.1083,0.1598,0.0569,0.1135,0.3022,0.0856,0.0648,0.1467,0.1355,0.1410,0.0689,0.0463,0.0751,0.2747,0.3693,0.1694,
2022-09-19,0.1550,0.2772,0.1349,0.1420,0.0133,0.1073,0.3409,0.0015,0.1115,0.1644,0.0590,0.1188,0.3161,0.0895,0.0680,0.1543,0.1429,0.1484,0.0727,0.0486,0.0769,0.2827,0.3759,0.1786,
2022-09-18,0.1635,0.2871,0.1397,0.1486,0.0141,0.1111,0.3507,0.0016,0.1147,0.1692,0.0610,0.1242,0.3307,0.0937,0.0714,0.1624,0.1507,0.1562,0.0766,0.0511,0.0787,0.2908,0.3826,0.1884,
2022-09-17,0.1724,0.2973,0.1447,0.1554,0.0148,0.1150,0.3608,0.0017,0.1180,0.1741,0.0632,0.1300,0.3459,0.0980,0.0749,0.1709,0.1590,0.1645,0.0808,0.0537,0.0806,0.2992,0.3895,0.1988,
2022-09-16,0.1819,0.3078,0.1498,0.1626,0.0156,0.1191,0.3713,0.0018,0.1214,0.1791,0.0655,0.1360,0.3619,0.1025,0.0787,0.1798,0.1676,0.1732,0.0852,0.0564,0.0826,0.3079,0.3965,0.2096,
2022-09-15,0.1919,0.3188,0.1551,0.1701,0.0165,0.1233,0.3820,0.0019,0.1249,0.1843,0.0678,0.1422,0.3786,0.1072,0.0827,0.1893,0.1768,0.1823,0.0898,0.0593,0.0846,0.3168,0.4036,0.2211,
2022-09-14,0.2024,0.3301,0.1606,0.1779,0.0174,0.1277,0.3931,0.0020,0.1286,0.1896,0.0702,0.1488,0.3960,0.1122,0.0869,0.1993,0.1864,0.1920,0.0947,0.0623,0.0866,0.3259,0.4108,0.2332,
2022-09-13,0.2134,0.3418,0.1663,0.1861,0.0184,0.1323,0.4044,0.0021,0.1323,0.1951,0.0727,0.1556,0.4143,0.1173,0.0913,0.2098,0.1966,0.2022,0.0998,0.0655,0.0887,0.3354,0.4182,0.2460,
2022-09-12,0.2251,0.3540,0.1722,0.1947,0.0194,0.1369,0.4161,0.0022,0.1361,0.2007,0.0753,0.1628,0.4334,0.1227,0.0960,0.2209,0.2073,0.2130,0.1053,0.0689,0.0908,0.3451,0.4257,0.2595,
2022-09-11,0.2375,0.3665,0.1784,0.2037,0.0204,0.1418,0.4281,0.0024,0.1400,0.2065,0.0779,0.1703,0.4533,0.1284,0.1010,0.2327,0.2187,0.2244,0.1110,0.0725,0.0930,0.3550,0.4333,0.2737,
2022-09-10,0.2505,0.3796,0.1847,0.2131,0.0215,0.1469,0.4405,0.0025,0.1441,0.2125,0.0807,0.1782,0.4742,0.1343,0.1062,0.2450,0.2306,0.2364,0.1171,0.0763,0.0953,0.3653,0.4411,0.2887,
2022-09-09,0.2642,0.3930,0.1913,0.2229,0.0227,0.1521,0.4533,0.0026,0.1482,0.2187,0.0836,0.1864,0.4961,0.1405,0.1117,0.2581,0.2432,0.2491,0.1234,0.0803,0.0976,0.3759,0.4490,0.3045,
2022-09-08,0.2787,0.4070,0.1980,0.2332,0.0240,0.1575,0.4664,0.0028,0.1525,0.2250,0.0865,0.1950,0.5190,0.1470,0.1176,0.2719,0.2565,0.2625,0.1302,0.0846,0.0999,0.3867,0.4571,0.3212,
2022-09-07,0.2939,0.4215,0.2051,0.2439,0.0253,0.1631,0.4798,0.0029,0.1569,0.2315,0.0896,0.2040,0.5429,0.1538,0.1237,0.2865,0.2705,0.2766,0.1373,0.0891,0.1023,0.3979,0.4653,0.3387,
2022-09-06,0.3100,0.4364,0.2124,0.2552,0.0267,0.1689,0.4937,0.0031,0.1615,0.2382,0.0928,0.2134,0.5679,0.1609,0.1302,0.3018,0.2853,0.2915,0.1448,0.0938,0.1048,0.4094,0.4736,0.3573,
2022-09-05,0.3270,0.4519,0.2199,0.2669,0.0281,0.1749,0.5080,0.0032,0.1661,0.2451,0.0961,0.2232,0.5941,0.1683,0.1371,0.3180,0.3009,0.3072,0.1527,0.0988,0.1073,0.4212,0.4821,0.3769,
2022-09-04,0.3449,0.4680,0.2277,0.2792,0.0297,0.1811,0.5227,0.0034,0.1709,0.2522,0.0995,0.2335,0.6215,0.1760,0.1443,0.3351,0.3174,0.3238,0.1610,0.1040,0.1099,0.4334,0.4907,0.3975,
2022-09-03,0.3638,0.4846,0.2358,0.2921,0.0313,0.1875,0.5378,0.0036,0.1759,0.2594,0.1030,0.2442,0.6501,0.1841,0.1520,0.3532,0.3347,0.3413,0.1698,0.1096,0.1126,0.4460,0.4995,0.4193,
2022-09-02,0.3837,0.5018,0.2442,0.3056,0.0330,0.1942,0.5533,0.0038,0.1810,0.2669,0.1067,0.2555,0.6801,0.1926,0.1600,0.3722,0.3531,0.3597,0.1791,0.1155,0.1153,0.4588,0.5085,0.4422,
2022-09-01,0.4047,0.5196,0.2529,0.3197,0.0348,0.2011,0.5693,0.0040,0.1862,0.2747,0.1105,0.2673,0.7068,0.2015,0.1685,0.3923,0.3724,0.3792,0.1888,0.1217,0.1181,0.4721,0.5176,0.4665,
2022-08-31,0.4269,0.5381,0.2618,0.3344,0.0367,0.2082,0.5858,0.0042,0.1916,0.2826,0.1144,0.2796,0.7348,0.2108,0.1775,0.4135,0.3927,0.3997,0.1992,0.1282,0.1209,0.4858,0.5269,0.4920,
2022-08-30,0.4503,0.5572,0.2711,0.3498,0.0387,0.2156,0.6027,0.0045,0.1971,0.2908,0.1185,0.2925,0.7640,0.2205,0.1870,0.4359,0.4142,0.4214,0.2100,0.1351,0.1238,0.4998,0.5363,0.5189,
2022-08-29,0.4749,0.5711,0.2808,0.3613,0.0409,0.2232,0.6129,0.0047,0.2028,0.2992,0.1227,0.3013,0.7900,0.2307,0.1970,0.4595,0.4369,0.4443,0.2215,0.1424,0.1268,0.5143,0.5460,0.5474,
2022-08-28,0.5009,0.5795,0.2908,0.3688,0.0431,0.2312,0.6162,0.0050,0.2087,0.3078,0.1211,0.3060,0.8126,0.2413,0.2076,0.4844,0.4608,0.4684,0.2336,0.1501,0.1299,0.5219,0.5557,0.5773,
2022-08-27,0.5284,0.5883,0.3011,0.3765,0.0455,0.2394,0.6195,0.0052,0.2147,0.3167,0.1195,0.3109,0.8363,0.2524,0.2187,0.5106,0.4860,0.4938,0.2464,0.1582,0.1330,0.5298,0.5657,0.6090,
2022-08-26,0.5573,0.5973,0.3118,0.3847,0.0479,0.2479,0.6230,0.0055,0.2209,0.3259,0.1178,0.3160,0.8564,0.2641,0.2305,0.5383,0.5126,0.5207,0.2599,0.1668,0.1362,0.5306,0.5759,0.6423,
2022-08-25,0.5878,0.6067,0.3229,0.3932,0.0506,0.2567,0.6265,0.0058,0.2201,0.3353,0.1161,0.3214,0.8774,0.2762,0.2429,0.5676,0.5407,0.5490,0.2741,0.1758,0.1395,0.5315,0.5862,0.6775,
2022-08-24,0.6200,0.6164,0.3343,0.4021,0.0533,0.2658,0.6302,0.0062,0.2192,0.3450,0.1143,0.3270,0.8994,0.2890,0.2560,0.5984,0.5703,0.5789,0.2891,0.1854,0.1429,0.5324,0.5967,0.7146,
2022-08-23,0.6540,0.6265,0.3462,0.4114,0.0563,0.2753,0.6340,0.0065,0.2183,0.3550,0.1125,0.3328,0.9178,0.3023,0.2698,0.6310,0.6015,0.6104,0.3049,0.1955,0.1463,0.5261,0.6074,0.7537,
2022-08-22,0.6898,0.6369,0.3585,0.4212,0.0593,0.2850,0.6378,0.0068,0.2174,0.3652,0.1105,0.3389,0.9371,0.3162,0.2844,0.6653,0.6344,0.6436,0.3216,0.2061,0.1499,0.5124,0.6183,0.7950,
2022-08-21,0.7276,0.6477,0.3712,0.4314,0.0626,0.2952,0.6418,0.0072,0.2165,0.3758,0.1085,0.3453,0.9526,0.3308,0.2998,0.7015,0.6691,0.6787,0.3392,0.2173,0.1535,0.4983,0.6294,0.8385,
2022-08-20,0.7674,0.6529,0.3844,0.4374,0.0660,0.3056,0.6387,0.0076,0.2155,0.3867,0.1065,0.3474,0.9642,0.3414,0.3160,0.7397,0.7057,0.7157,0.3577,0.2292,0.1572,0.4838,0.6407,0.8845,
2022-08-19,0.7547,0.6584,0.3981,0.4437,0.0696,0.3165,0.6355,0.0080,0.2145,0.3978,0.1043,0.3496,0.9718,0.3526,0.3112,0.7321,0.6896,0.7082,0.3609,0.2307,0.1610,0.4689,0.6521,0.8781,
2022-08-18,0.7412,0.6640,0.4122,0.4504,0.0735,0.3277,0.6322,0.0085,0.2135,0.4093,0.1021,0.3519,0.9797,0.3596,0.3061,0.7241,0.6781,0.6986,0.3642,0.2323,0.1649,0.4535,0.6638,0.8715,
2022-08-17,0.7818,0.6639,0.4209,0.4527,0.0775,0.3394,0.6215,0.0089,0.2124,0.4212,0.0998,0.3497,0.9834,0.3623,0.3227,0.7635,0.7152,0.7367,0.3841,0.2450,0.1688,0.4377,0.6757,0.8644,
2022-08-16,0.7699,0.6579,0.4300,0.4505,0.0775,0.3394,0.6106,0.0094,0.2113,0.4333,0.0974,0.3428,0.9827,0.3652,0.3170,0.7641,0.7106,0.7304,0.3887,0.2446,0.1729,0.4215,0.6879,0.8570,
2022-08-15,0.7573,0.6576,0.4393,0.4528,0.0817,0.3455,0.5993,0.0099,0.2102,0.4459,0.0950,0.3401,0.9865,0.3682,0.3067,0.7629,0.7139,0.7319,0.3908,0.2443,0.1771,0.4048,0.7002,0.8492,
2022-08-14,0.7988,0.6572,0.4490,0.4553,0.0862,0.3519,0.5950,0.0105,0.2091,0.4588,0.0984,0.3420,0.9904,0.3714,0.3234,0.8045,0.7529,0.7718,0.4122,0.2576,0.1814,0.3876,0.7128,0.8409,
2022-08-13,0.7877,0.6569,0.4590,0.4578,0.0909,0.3585,0.5905,0.0111,0.2079,0.4648,0.1019,0.3439,0.9900,0.3746,0.3190,0.8004,0.7476,0.7647,0.3936,0.2580,0.1857,0.3699,0.7255,0.8409,
2022-08-12,0.8309,0.6566,0.4694,0.4605,0.0959,0.3653,0.5859,0.0117,0.2067,0.4710,0.1055,0.3459,0.9895,0.3781,0.3363,0.8441,0.7885,0.8064,0.4152,0.2721,0.1902,0.3516,0.7385,0.8322,
2022-08-11,0.8764,0.6562,0.4802,0.4633,0.1011,0.3723,0.5812,0.0123,0.2126,0.4774,0.1092,0.3480,0.9891,0.3817,0.3546,0.8901,0.8317,0.8504,0.4379,0.2869,0.1948,0.3329,0.7428,0.8230,
2022-08-10,0.8696,0.6558,0.4913,0.4662,0.1067,0.3796,0.5763,0.0130,0.2188,0.4840,0.1131,0.3503,0.9886,0.3854,0.3738,0.8841,0.8307,0.8462,0.4235,0.2917,0.1995,0.3136,0.7472,0.8133,
2022-08-09,0.9172,0.6554,0.5028,0.4692,0.1125,0.3872,0.5712,0.0137,0.2179,0.4907,0.1171,0.3526,0.9880,0.3894,0.3941,0.8844,0.8296,0.8403,0.4084,0.2967,0.2043,0.2938,0.7516,0.8031,
2022-08-08,0.9127,0.6550,0.5148,0.4724,0.1187,0.3950,0.5661,0.0144,0.2170,0.4977,0.1213,0.3550,0.9875,0.3935,0.3991,0.8781,0.8203,0.8342,0.3869,0.2992,0.2093,0.2733,0.7561,0.7923,
2022-08-07,0.9079,0.6546,0.5271,0.4758,0.1252,0.4031,0.5608,0.0152,0.2160,0.5049,0.1256,0.3529,0.9869,0.3978,0.3976,0.8781,0.8433,0.8318,0.3944,0.3018,0.2143,0.2523,0.7607,0.7809,
2022-08-06,0.9029,0.6601,0.5400,0.4793,0.1320,0.4115,0.5625,0.0161,0.2150,0.5122,0.1300,0.3554,0.9863,0.4069,0.4000,0.8780,0.8347,0.8266,0.3886,0.3019,0.2195,0.2307,0.7654,0.7689,
2022-08-05,0.8976,0.6599,0.5532,0.4829,0.1393,0.4202,0.5643,0.0169,0.2140,0.5198,0.1347,0.3579,0.9857,0.4119,0.3999,0.8849,0.8339,0.8251,0.3934,0.3019,0.2248,0.2085,0.7701,0.7563,
2022-08-04,0.8920,0.6597,0.5669,0.4867,0.1469,0.4292,0.5662,0.0179,0.2130,0.5276,0.1394,0.3606,0.9850,0.4216,0.3942,0.8852,0.8439,0.8319,0.3985,0.2979,0.2302,0.1856,0.7750,0.7429,
2022-08-03,0.8860,0.6653,0.5812,0.4953,0.1002,0.4386,0.5753,0.0189,0.2119,0.5356,0.1444,0.3680,0.9843,0.4318,0.3896,0.8856,0.8518,0.8307,0.3984,0.2950,0.2358,0.1620,0.7799,0.7289,
2022-08-02,0.8798,0.6712,0.5959,0.5090,0.1057,0.4542,0.5920,0.0199,0.2108,0.5439,0.1495,0.3803,0.9836,0.4425,0.3944,0.8860,0.8491,0.8268,0.3764,0.2892,0.2415,0.1378,0.7849,0.7140,
2022-08-01,0.8732,0.6773,0.6111,0.5232,0.1115,0.4703,0.5920,0.0210,0.2097,0.5524,0.1548,0.3933,0.9828,0.4537,0.3953,0.8798,0.8518,0.8254,0.3806,0.2941,0.2473,0.1201,0.7900,0.7531,
2022-07-31,0.8663,0.6773,0.6269,0.5427,0.1176,0.4870,0.6018,0.0221,0.2085,0.5611,0.1603,0.4022,0.9820,0.4654,0.3976,0.8798,0.8464,0.8211,0.3740,0.2937,0.2532,0.1019,0.7952,0.7396,
2022-07-30,0.8589,0.6777,0.6433,0.5585,0.1240,0.5043,0.6048,0.0233,0.2073,0.5701,0.1601,0.4069,0.9812,0.4776,0.4001,0.8799,0.8407,0.8167,0.3671,0.2961,0.2594,0.0832,0.8005,0.7253,
2022-07-29,0.8512,0.6780,0.6602,0.5704,0.1308,0.5222,0.6078,0.0246,0.2061,0.5794,0.1599,0.4118,0.9804,0.4858,0.4013,0.8800,0.8320,0.8133,0.3489,0.2958,0.2656,0.0639,0.8059,0.7103,
2022-07-28,0.8431,0.6784,0.6777,0.5829,0.1380,0.5408,0.6109,0.0260,0.2048,0.5889,0.1596,0.4170,0.9841,0.4898,0.4026,0.8734,0.8228,0.8098,0.3296,0.2956,0.2720,0.0441,0.8114,0.6944,
2022-07-27,0.8345,0.6729,0.6959,0.5913,0.1455,0.5540,0.6069,0.0274,0.2035,0.5915,0.1594,0.4177,0.9841,0.4939,0.4026,0.8732,0.8240,0.8047,0.3093,0.2953,0.2786,0.0237,0.8170,0.6944,
2022-07-26,0.8345,0.6613,0.7147,0.5955,0.1535,0.5678,0.5956,0.0289,0.2094,0.5941,0.1591,0.4139,0.9833,0.4939,0.4026,0.8729,0.8198,0.7994,0.2989,0.2950,0.2853,0.0099,0.8137,0.6777,
2022-07-25,0.8254,0.6493,0.7341,0.5999,0.1619,0.5821,0.5839,0.0305,0.2154,0.5968,0.1589,0.4054,0.9826,0.4936,0.4026,0.8691,0.8154,0.7924,0.2878,0.2947,0.2922,0.0029,0.8104,0.6600,
2022-07-24,0.8159,0.6368,0.7543,0.5999,0.1707,0.5909,0.5718,0.0321,0.2217,0.5968,0.1586,0.3964,0.9817,0.4936,0.4039,0.8686,0.8053,0.7877,0.2598,0.2834,0.2992,0.0030,0.8159,0.6414,
2022-07-23,0.8058,0.6239,0.7752,0.5999,0.1801,0.5941,0.5594,0.0339,0.2281,0.5996,0.1583,0.3824,0.9809,0.4841,0.4081,0.8681,0.7947,0.7800,0.2247,0.2550,0.3065,0.0031,0.8216,0.6218,
2022-07-22,0.7951,0.6106,0.7968,0.5999,0.1900,0.5975,0.5467,0.0357,0.2347,0.5953,0.1580,0.3678,0.9800,0.4742,0.4084,0.8689,0.7998,0.7788,0.2096,0.2265,0.3018,0.0032,0.8274,0.6011,
2022-07-21,0.7839,0.5967,0.8192,0.5999,0.2004,0.6009,0.5336,0.0377,0.2414,0.5908,0.1577,0.3524,0.9791,0.4592,0.4087,0.8752,0.7943,0.7720,0.2074,0.2279,0.2970,0.0033,0.8332,0.6340,
2022-07-20,0.8268,0.5824,0.8192,0.5999,0.2113,0.6045,0.5201,0.0398,0.2484,0.5862,0.1574,0.3364,0.9781,0.4435,0.4063,0.8684,0.7968,0.7717,0.2050,0.2294,0.2801,0.0034,0.8392,0.6139,
2022-07-19,0.8721,0.5676,0.8192,0.5999,0.2229,0.6082,0.5063,0.0419,0.2556,0.5815,0.1571,0.3197,0.9771,0.4270,0.4078,0.8679,0.7856,0.7659,0.1943,0.2310,0.2627,0.0035,0.8453,0.5928,
2022-07-18,0.8651,0.5522,0.8192,0.5953,0.2351,0.6121,0.4920,0.0442,0.2630,0.5766,0.1567,0.3021,0.9761,0.4052,0.4054,0.8673,0.7876,0.7694,0.1912,0.2327,0.2449,0.0036,0.8425,0.5705,
2022-07-17,0.8577,0.5363,0.8192,0.5859,0.2480,0.6101,0.4773,0.0467,0.2706,0.5716,0.1564,0.2838,0.9750,0.4052,0.4028,0.8633,0.7869,0.7744,0.1743,0.2344,0.2267,0.0037,0.8397,0.5470,
2022-07-16,0.8577,0.5199,0.8192,0.5806,0.2616,0.6081,0.4622,0.0492,0.2784,0.5737,0.1619,0.2692,0.9738,0.3778,0.4000,0.8693,0.7861,0.7742,0.1619,0.2363,0.2080,0.0038,0.8368,0.5222,
2022-07-15,0.9047,0.5028,0.8192,0.5751,0.2759,0.6060,0.4466,0.0519,0.2792,0.5758,0.1677,0.2540,0.9738,0.3491,0.3999,0.8705,0.7744,0.7727,0.1489,0.2382,0.1889,0.0039,0.8339,0.4960,
2022-07-14,0.8995,0.4851,0.8192,0.5647,0.2362,0.5980,0.4306,0.0000,0.2801,0.5780,0.1736,0.2380,0.9726,0.3191,0.3970,0.8649,0.7758,0.7820,0.1543,0.2403,0.1693,0.0040,0.8309,0.4684,
2022-07-13,0.8940,0.4668,0.8192,0.5539,0.1944,0.5980,0.4142,0.0000,0.2810,0.5875,0.1798,0.2260,0.9714,0.2877,0.3994,0.8676,0.7744,0.7809,0.1600,0.2424,0.1493,0.0041,0.8279,0.4393,
2022-07-12,0.8882,0.4479,0.8192,0.5471,0.2051,0.5896,0.3972,0.0000,0.2818,0.5900,0.1862,0.2179,0.9700,0.2595,0.3992,0.8670,0.7675,0.7769,0.1676,0.2447,0.1408,0.0043,0.8248,0.4086,
2022-07-11,0.8821,0.4283,0.8192,0.5355,0.1615,0.5809,0.3798,0.0000,0.2828,0.5926,0.1928,0.2141,0.9687,0.2300,0.3963,0.8698,0.7767,0.7810,0.1768,0.2581,0.1321,0.0044,0.8217,0.3762,
2022-07-10,0.8756,0.4080,0.8192,0.5279,0.1156,0.5779,0.3619,0.0000,0.2837,0.5953,0.1996,0.2148,0.9672,0.2037,0.3905,0.8676,0.8055,0.7853,0.1843,0.2612,0.1353,0.0045,0.8185,0.3420,
2022-07-09,0.8688,0.3870,0.8192,0.5200,0.1219,0.5807,0.3507,0.0000,0.2847,0.5980,0.2067,0.2201,0.9657,0.1808,0.3925,0.8670,0.7949,0.7789,0.1889,0.2646,0.1386,0.0046,0.8152,0.3060,
2022-07-08,0.8616,0.3652,0.8192,0.5117,0.1286,0.5835,0.3391,0.0000,0.2857,0.6009,0.2082,0.2256,0.9641,0.1569,0.3947,0.8664,0.7891,0.7735,0.1937,0.2681,0.1419,0.0048,0.8119,0.2680,
2022-07-07,0.8540,0.3426,0.8192,0.5030,0.1357,0.5806,0.3272,0.0000,0.2867,0.6038,0.2096,0.2314,0.9625,0.1365,0.3970,0.8591,0.7857,0.7664,0.1879,0.2676,0.1454,0.0049,0.8085,0.2827,
2022-07-06,0.8460,0.3193,0.8192,0.5030,0.1431,0.5716,0.3222,0.0000,0.2878,0.6068,0.2112,0.2375,0.9607,0.1197,0.3980,0.8580,0.7849,0.7685,0.1872,0.2686,0.1489,0.0051,0.8051,0.2434,
2022-07-05,0.8460,0.2951,0.8192,0.4893,0.0962,0.5623,0.3171,0.0000,0.2889,0.6099,0.2127,0.2392,0.9589,0.1022,0.3991,0.8672,0.7841,0.7667,0.1936,0.2696,0.1525,0.0052,0.8016,0.2567,
2022-07-04,0.8376,0.2760,0.8192,0.4750,0.0467,0.5467,0.3118,0.0000,0.2900,0.6058,0.2144,0.2410,0.9570,0.0885,0.3989,0.8666,0.7832,0.7702,0.2014,0.2706,0.1561,0.0054,0.7980,0.2160,
2022-07-03,0.8287,0.2621,0.8192,0.4750,0.0492,0.5366,0.3136,0.0000,0.2912,0.6016,0.2161,0.2475,0.9551,0.0741,0.3987,0.8659,0.7823,0.7739,0.2114,0.2744,0.1599,0.0055,0.7944,0.1731,
2022-07-02,0.8193,0.2537,0.8192,0.4646,0.0519,0.5201,0.3227,0.0000,0.2923,0.5974,0.2178,0.2543,0.9530,0.0637,0.3958,0.8653,0.7868,0.7791,0.2218,0.2785,0.1638,0.0057,0.7907,0.1278,
2022-07-01,0.8094,0.2508,0.8192,0.4538,0.0000,0.5031,0.3320,0.0000,0.3008,0.5929,0.2196,0.2614,0.9508,0.0574,0.3844,0.8579,0.7970,0.7847,0.2329,0.2827,0.1677,0.0058,0.7870,0.1348,
2022-06-30,0.7990,0.2538,0.8192,0.4470,0.0000,0.4913,0.3416,0.0000,0.3095,0.5884,0.2215,0.2689,0.9485,0.0555,0.3807,0.8501,0.7913,0.7892,0.2429,0.2872,0.1718,0.0060,0.7832,0.1422,
2022-06-29,0.8427,0.2628,0.8192,0.4446,0.0000,0.4851,0.3515,0.0000,0.3184,0.5837,0.2235,0.2766,0.9508,0.0534,0.3795,0.8486,0.7854,0.7885,0.2288,0.2756,0.1759,0.0062,0.7793,0.1499,
2022-06-28,0.8341,0.2722,0.8192,0.4420,0.0000,0.4787,0.3616,0.0000,0.3276,0.5861,0.2255,0.2848,0.9485,0.0513,0.3796,0.8486,0.7763,0.7836,0.1920,0.2578,0.1802,0.0064,0.7753,0.1581,
2022-06-27,0.8250,0.2818,0.8192,0.4440,0.0000,0.4720,0.3721,0.0000,0.3299,0.5886,0.2276,0.2933,0.9507,0.0490,0.3783,0.8504,0.7723,0.7825,0.1888,0.2280,0.1845,0.0065,0.7713,0.1668,
2022-06-26,0.8155,0.2918,0.8192,0.4460,0.0000,0.4651,0.3828,0.0000,0.3322,0.5912,0.2297,0.3022,0.9485,0.0467,0.3770,0.8489,0.7708,0.7814,0.1936,0.2268,0.1890,0.0067,0.7672,0.1759,
2022-06-25,0.8054,0.3022,0.8192,0.4527,0.0000,0.4520,0.3939,0.0000,0.3346,0.5866,0.2320,0.3115,0.9461,0.0442,0.3755,0.8473,0.7637,0.7803,0.1988,0.2255,0.1935,0.0069,0.7630,0.1856,
2022-06-24,0.7947,0.3070,0.8128,0.4598,0.0000,0.4384,0.3981,0.0000,0.3370,0.5891,0.2402,0.3213,0.9436,0.0463,0.3768,0.8389,0.7534,0.7736,0.1987,0.2241,0.1982,0.0071,0.7588,0.1957,
2022-06-23,0.8382,0.3120,0.8061,0.4671,0.0000,0.4303,0.4023,0.0000,0.3395,0.5917,0.2487,0.3315,0.9410,0.0484,0.3754,0.8385,0.7564,0.7747,0.2041,0.2254,0.2030,0.0073,0.7544,0.2065,
2022-06-22,0.8294,0.3172,0.7992,0.4702,0.0000,0.4278,0.4068,0.0000,0.3421,0.5943,0.2576,0.3376,0.9383,0.0506,0.3739,0.8380,0.7594,0.7732,0.2125,0.2254,0.2079,0.0075,0.7500,0.2178,
2022-06-21,0.8200,0.3225,0.7921,0.4781,0.0000,0.4253,0.4113,0.0000,0.3448,0.5971,0.2667,0.3485,0.9355,0.0529,0.3723,0.8291,0.7517,0.7771,0.2241,0.2377,0.2129,0.0078,0.7456,0.2297,
2022-06-20,0.8649,0.3281,0.7847,0.4909,0.0000,0.4285,0.4159,0.0000,0.3475,0.6071,0.2762,0.3600,0.9325,0.0554,0.3733,0.8264,0.7463,0.7757,0.2281,0.2397,0.2180,0.0080,0.7410,0.2423,
2022-06-19,0.8575,0.3338,0.7830,0.5043,0.0000,0.4319,0.4207,0.0000,0.3504,0.6174,0.2860,0.3719,0.9294,0.0579,0.3772,0.8253,0.7324,0.7687,0.2351,0.2392,0.2233,0.0082,0.7363,0.2555,
2022-06-18,0.8497,0.3397,0.7753,0.5183,0.0000,0.4414,0.4257,0.0000,0.3533,0.6208,0.2903,0.3799,0.9261,0.0606,0.3758,0.8157,0.7232,0.7628,0.2371,0.2385,0.2287,0.0085,0.7316,0.2148,
2022-06-17,0.8415,0.3459,0.7673,0.5330,0.0000,0.4511,0.4308,0.0000,0.3562,0.6243,0.2946,0.3882,0.9227,0.0634,0.3743,0.8123,0.7135,0.7606,0.2336,0.2379,0.2342,0.0087,0.7268,0.2265,
2022-06-16,0.8415,0.3522,0.7590,0.5437,0.0000,0.4612,0.4360,0.0000,0.3593,0.6279,0.2992,0.3922,0.9191,0.0663,0.3728,0.8087,0.7061,0.7542,0.2299,0.2372,0.2398,0.0090,0.7309,0.2389,
2022-06-15,0.8328,0.3588,0.7505,0.5504,0.0000,0.4717,0.4414,0.0000,0.3625,0.6316,0.3039,0.3919,0.9154,0.0648,0.3752,0.8066,0.6954,0.7460,0.2234,0.2365,0.2456,0.0092,0.7350,0.2520,
2022-06-14,0.8784,0.3657,0.7416,0.5527,0.0000,0.4825,0.4469,0.0000,0.3657,0.6354,0.3088,0.3869,0.9115,0.0632,0.3682,0.8044,0.7116,0.7470,0.2334,0.2357,0.2516,0.0095,0.7392,0.2658,
2022-06-13,0.8718,0.3727,0.7324,0.5551,0.0000,0.4937,0.4526,0.0000,0.3763,0.6393,0.3138,0.3817,0.9074,0.0615,0.3663,0.8037,0.7204,0.7467,0.2324,0.2349,0.2576,0.0098,0.7435,0.2804,
2022-06-12,0.8647,0.3801,0.7229,0.5530,0.0000,0.5054,0.4584,0.0000,0.3872,0.6434,0.3191,0.3762,0.9032,0.0597,0.3643,0.7930,0.7188,0.7409,0.2342,0.2258,0.2638,0.0100,0.7479,0.2957,
2022-06-11,0.8573,0.3876,0.7131,0.5509,0.0000,0.5233,0.4645,0.0000,0.3984,0.6475,0.3245,0.3705,0.8987,0.0578,0.3650,0.7816,0.7088,0.7321,0.2306,0.2231,0.2581,0.0103,0.7523,0.3119,
2022-06-10,0.8495,0.4014,0.7029,0.5486,0.0000,0.5419,0.4779,0.0000,0.4099,0.6518,0.3301,0.3645,0.8940,0.0559,0.3629,0.7815,0.7038,0.7255,0.2240,0.2216,0.2523,0.0106,0.7569,0.3290,
2022-06-09,0.8413,0.4157,0.6923,0.5462,0.0000,0.5552,0.4917,0.0000,0.4217,0.6562,0.3359,0.3583,0.8892,0.0538,0.3607,0.7762,0.6986,0.7213,0.2144,0.2200,0.2463,0.0109,0.7615,0.3470,
2022-06-08,0.8326,0.4304,0.6814,0.5484,0.0000,0.5690,0.5059,0.0000,0.4339,0.6607,0.3419,0.3564,0.8841,0.0517,0.3598,0.7706,0.6902,0.7127,0.2097,0.2183,0.2402,0.0112,0.7662,0.3661,
2022-06-07,0.8234,0.4457,0.6760,0.5506,0.0000,0.5833,0.5206,0.0000,0.4465,0.6653,0.3481,0.3543,0.8787,0.0495,0.3602,0.7664,0.6787,0.7023,0.1938,0.2152,0.2339,0.0116,0.7709,0.3313,
2022-06-06,0.8137,0.4615,0.6704,0.5529,0.0000,0.5981,0.5356,0.0000,0.4594,0.6701,0.3546,0.3522,0.8731,0.0472,0.3578,0.7602,0.6776,0.6927,0.1879,0.2119,0.2275,0.0119,0.7758,0.3495,
2022-06-05,0.8035,0.4779,0.6646,0.5508,0.0000,0.6134,0.5511,0.0000,0.4727,0.6750,0.3612,0.3500,0.8673,0.0447,0.3554,0.7538,0.6763,0.6839,0.1790,0.2070,0.2209,0.0122,0.7718,0.3686,
2022-06-04,0.7928,0.4949,0.6645,0.5439,0.0000,0.6293,0.5670,0.0000,0.4863,0.6873,0.3741,0.3523,0.8612,0.0422,0.3528,0.7403,0.6695,0.6747,0.1779,0.2047,0.2142,0.0126,0.7677,0.3340,
2022-06-03,0.7814,0.5125,0.6704,0.5413,0.0000,0.6457,0.5834,0.0000,0.5004,0.6999,0.3873,0.3548,0.8594,0.0395,0.3500,0.7327,0.6679,0.6677,0.1794,0.2022,0.2073,0.0130,0.7635,0.2976,
2022-06-02,0.7695,0.5307,0.6764,0.5432,0.0000,0.6628,0.5931,0.0000,0.5149,0.7129,0.4011,0.3619,0.8621,0.0367,0.3485,0.7181,0.6606,0.6548,0.1728,0.1968,0.2002,0.0133,0.7593,0.2591,
2022-06-01,0.7568,0.5496,0.6827,0.5498,0.0000,0.6804,0.6030,0.0000,0.5297,0.7263,0.4154,0.3740,0.8650,0.0384,0.3469,0.7093,0.6475,0.6426,0.1795,0.1966,0.2051,0.0137,0.7549,0.2185,
2022-05-31,0.7983,0.5691,0.6892,0.5567,0.0000,0.6986,0.6132,0.0000,0.5451,0.7401,0.4301,0.3912,0.8680,0.0402,0.3658,0.7480,0.6829,0.6777,0.1893,0.2073,0.2100,0.0141,0.7506,0.2305,
2022-05-30,0.7872,0.5893,0.6900,0.5639,0.0000,0.7116,0.6237,0.0000,0.5608,0.7543,0.4395,0.4046,0.8665,0.0420,0.3856,0.7888,0.7203,0.7147,0.1996,0.2186,0.2151,0.0145,0.7461,0.2431,
2022-05-29,0.7756,0.6102,0.6908,0.5761,0.0000,0.7250,0.6345,0.0000,0.5698,0.7688,0.4492,0.4187,0.8649,0.0440,0.3861,0.7839,0.7050,0.7071,0.1777,0.2306,0.2203,0.0150,0.7415,0.2564,
2022-05-28,0.7633,0.6319,0.6858,0.5888,0.0000,0.7330,0.6456,0.0000,0.5790,0.7838,0.4533,0.4287,0.8633,0.0460,0.3852,0.7720,0.6943,0.7019,0.1600,0.2131,0.2256,0.0154,0.7369,0.2705,
2022-05-27,0.7503,0.6484,0.6805,0.6021,0.0000,0.7413,0.6498,0.0000,0.5886,0.7993,0.4575,0.4347,0.8570,0.0481,0.3870,0.7662,0.6830,0.6964,0.1633,0.2083,0.2310,0.0158,0.7322,0.2853,
2022-05-26,0.7367,0.6655,0.6751,0.6160,0.0000,0.7558,0.6541,0.0000,0.5983,0.7993,0.4619,0.4409,0.8504,0.0503,0.3888,0.7534,0.6657,0.6824,0.1585,0.1978,0.2246,0.0163,0.7274,0.3009,
2022-05-25,0.7222,0.6833,0.6635,0.6260,0.0000,0.7649,0.6586,0.0000,0.6084,0.8079,0.4606,0.4474,0.8435,0.0527,0.3895,0.7551,0.6610,0.6731,0.1617,0.1922,0.2179,0.0168,0.7225,0.3174,
2022-05-24,0.7070,0.7016,0.6516,0.6364,0.0000,0.7684,0.6632,0.0000,0.6188,0.8168,0.4592,0.4496,0.8363,0.0551,0.3915,0.7417,0.6425,0.6605,0.1678,0.1863,0.2111,0.0172,0.7175,0.3174,
2022-05-23,0.7458,0.7206,0.6392,0.6427,0.0000,0.7720,0.6679,0.0000,0.6222,0.8260,0.4577,0.4472,0.8334,0.0576,0.3909,0.7343,0.6366,0.6528,0.1759,0.1801,0.2041,0.0177,0.7124,0.3348,
2022-05-22,0.7318,0.7403,0.6264,0.6493,0.0000,0.7757,0.6727,0.0000,0.6257,0.8354,0.4562,0.4448,0.8303,0.0603,0.3930,0.7264,0.6221,0.6418,0.1828,0.1735,0.1970,0.0183,0.7073,0.2983,
2022-05-21,0.7719,0.7607,0.6131,0.6608,0.0000,0.7737,0.6777,0.0000,0.6294,0.8379,0.4547,0.4423,0.8271,0.0585,0.4144,0.7660,0.6562,0.6769,0.1928,0.1830,0.1897,0.0188,0.7020,0.3147,
2022-05-20,0.8142,0.7818,0.5994,0.6728,0.0000,0.7716,0.6829,0.0000,0.6259,0.8404,0.4531,0.4396,0.8237,0.0565,0.4369,0.8078,0.6921,0.7138,0.2033,0.1930,0.1822,0.0193,0.6967,0.3319,
2022-05-19,0.8040,0.7977,0.5852,0.6854,0.0000,0.7694,0.6954,0.0000,0.6223,0.8430,0.4514,0.4368,0.8202,0.0545,0.4374,0.8074,0.6834,0.7117,0.2117,0.1871,0.1745,0.0199,0.6913,0.2953,
2022-05-18,0.7933,0.8142,0.5704,0.6939,0.0000,0.7612,0.7083,0.0000,0.6186,0.8457,0.4497,0.4293,0.8166,0.0524,0.4366,0.8035,0.6798,0.7122,0.2205,0.1810,0.1667,0.0205,0.6857,0.3115,
2022-05-17,0.7820,0.8313,0.5611,0.7075,0.0000,0.7527,0.7215,0.0000,0.6148,0.8413,0.4420,0.4168,0.8173,0.0503,0.4358,0.7994,0.6732,0.7100,0.2299,0.1744,0.1586,0.0210,0.6801,0.2738,
2022-05-16,0.8248,0.8490,0.5573,0.7216,0.0000,0.7439,0.7352,0.0000,0.6109,0.8367,0.4399,0.4084,0.8181,0.0480,0.4376,0.7986,0.6772,0.7050,0.2397,0.1703,0.1625,0.0217,0.6743,0.2340,
2022-05-15,0.8152,0.8614,0.5534,0.7318,0.0000,0.7348,0.7420,0.0000,0.6141,0.8320,0.4378,0.3995,0.8143,0.0456,0.4395,0.8011,0.6677,0.6969,0.2501,0.1632,0.1664,0.0223,0.6685,0.1921,
2022-05-14,0.8051,0.8683,0.5494,0.7379,0.0000,0.7254,0.7489,0.0000,0.6174,0.8271,0.4356,0.3949,0.8104,0.0431,0.4415,0.7902,0.6741,0.6871,0.2583,0.1557,0.1704,0.0229,0.6626,0.1478,
2022-05-13,0.7944,0.8814,0.5393,0.7397,0.0000,0.7157,0.7634,0.0000,0.6136,0.8221,0.4333,0.3901,0.8063,0.0404,0.4341,0.7787,0.6946,0.6821,0.2642,0.1478,0.1745,0.0236,0.6565,0.1011,
2022-05-12,0.7831,0.8890,0.5230,0.7369,0.0000,0.7055,0.7782,0.0000,0.6096,0.8170,0.4250,0.3850,0.8019,0.0377,0.4331,0.7698,0.6834,0.6769,0.2677,0.1354,0.1787,0.0243,0.6503,0.0519,
2022-05-11,0.7712,0.8969,0.5060,0.7386,0.0000,0.6951,0.7935,0.0000,0.6056,0.8117,0.4223,0.3797,0.7974,0.0348,0.4348,0.7656,0.6770,0.6646,0.2714,0.1222,0.1830,0.0250,0.6441,0.0000,
2022-05-10,0.7587,0.8991,0.4885,0.7404,0.0000,0.6902,0.8092,0.0000,0.6014,0.8062,0.4196,0.3788,0.7973,0.0318,0.4256,0.7595,0.6866,0.6625,0.2807,0.1125,0.1874,0.0257,0.6377,0.0000,
2022-05-09,0.8003,0.8956,0.4703,0.7422,0.0000,0.6792,0.8254,0.0000,0.6043,0.8006,0.4167,0.3778,0.7926,0.0287,0.4214,0.7598,0.6859,0.6603,0.2879,0.1022,0.1920,0.0264,0.6312,0.0000,
2022-05-08,0.7893,0.8918,0.4515,0.7442,0.0000,0.6678,0.8348,0.0000,0.6073,0.7949,0.4138,0.3722,0.7830,0.0254,0.4183,0.7534,0.6742,0.6526,0.2900,0.0805,0.1966,0.0272,0.6246,0.0000,
2022-05-07,0.7778,0.8880,0.4320,0.7416,0.0000,0.6560,0.8372,0.0000,0.6032,0.7889,0.4048,0.3617,0.7730,0.0265,0.4151,0.7399,0.6618,0.6444,0.3003,0.0739,0.2013,0.0280,0.6179,0.0000,
2022-05-06,0.7656,0.8840,0.4118,0.7343,0.0000,0.6438,0.8397,0.0000,0.5990,0.7828,0.3955,0.3507,0.7625,0.0278,0.4130,0.7323,0.6597,0.6385,0.3003,0.0506,0.2062,0.0288,0.6110,0.0000,
2022-05-05,0.7528,0.8799,0.3909,0.7221,0.0000,0.6311,0.8351,0.0000,0.5946,0.7766,0.3858,0.3392,0.7516,0.0290,0.4109,0.7329,0.6465,0.6322,0.3058,0.0260,0.1991,0.0296,0.6040,0.0000,
2022-05-04,0.7393,0.8756,0.3693,0.7092,0.0000,0.6180,0.8303,0.0000,0.5901,0.7701,0.3759,0.3318,0.7401,0.0304,0.4059,0.7267,0.6381,0.6229,0.3007,0.0000,0.1918,0.0305,0.5969,0.0000,
2022-05-03,0.7250,0.8712,0.3469,0.6958,0.0000,0.6044,0.8254,0.0000,0.5855,0.7634,0.3714,0.3286,0.7282,0.0318,0.4088,0.7201,0.6237,0.6090,0.3007,0.0000,0.1844,0.0314,0.5897,0.0000,
2022-05-02,0.7099,0.8666,0.3237,0.6818,0.0000,0.5904,0.8204,0.0000,0.5735,0.7566,0.3669,0.3253,0.7156,0.0333,0.4064,0.7132,0.6141,0.5984,0.3034,0.0000,0.1768,0.0323,0.5823,0.0000,
2022-05-01,0.6940,0.8619,0.2997,0.6672,0.0000,0.5758,0.8152,0.0000,0.5612,0.7496,0.3622,0.3219,0.7025,0.0348,0.4012,0.7059,0.6011,0.5928,0.3118,0.0000,0.1690,0.0332,0.5748,0.0000,
2022-04-30,0.6773,0.8570,0.2748,0.6564,0.0000,0.5608,0.8099,0.0000,0.5485,0.7423,0.3632,0.3183,0.6888,0.0364,0.3929,0.6898,0.5957,0.5868,0.3267,0.0000,0.1610,0.0342,0.5672,0.0000,
2022-04-29,0.6596,0.8519,0.2491,0.6452,0.0000,0.5452,0.8044,0.0000,0.5354,0.7349,0.3642,0.3191,0.6745,0.0381,0.3841,0.6863,0.5900,0.5832,0.3227,0.0000,0.1528,0.0352,0.5595,0.0000,
2022-04-28,0.6410,0.8467,0.2224,0.6335,0.0000,0.5290,0.7987,0.0000,0.5220,0.7344,0.3713,0.3154,0.6595,0.0398,0.3804,0.6827,0.5757,0.5767,0.3184,0.0000,0.1445,0.0362,0.5516,0.0000,
2022-04-27,0.6761,0.8412,0.1948,0.6166,0.0000,0.5123,0.7929,0.0000,0.5082,0.7268,0.3726,0.3115,0.6438,0.0417,0.3737,0.6788,0.5716,0.5698,0.3222,0.0000,0.1359,0.0372,0.5435,0.0000,
2022-04-26,0.6583,0.8356,0.1661,0.5989,0.0000,0.4949,0.7869,0.0000,0.4940,0.7189,0.3740,0.3074,0.6274,0.0436,0.3639,0.6679,0.5810,0.5680,0.3370,0.0000,0.1271,0.0383,0.5353,0.0000,
2022-04-25,0.6396,0.8297,0.1424,0.5850,0.0000,0.4770,0.7807,0.0000,0.4793,0.7107,0.3754,0.3078,0.6102,0.0456,0.3564,0.6667,0.5855,0.5607,0.3528,0.0000,0.1302,0.0394,0.5270,0.0000,
2022-04-24,0.6199,0.8237,0.1238,0.5705,0.0000,0.4643,0.7744,0.0000,0.4643,0.7024,0.3769,0.3127,0.5968,0.0477,0.3484,0.6654,0.5901,0.5529,0.3638,0.0000,0.1333,0.0405,0.5185,0.0000,
2022-04-23,0.5990,0.8174,0.1045,0.5599,0.0000,0.4512,0.7679,0.0000,0.4488,0.6938,0.3844,0.3225,0.5875,0.0499,0.3427,0.6537,0.5786,0.5393,0.3673,0.0000,0.1365,0.0417,0.5099,0.0000,
2022-04-22,0.5771,0.8109,0.0846,0.5535,0.0000,0.4377,0.7612,0.0000,0.4329,0.6849,0.3921,0.3328,0.5823,0.0522,0.3367,0.6449,0.5829,0.5276,0.3655,0.0000,0.1398,0.0429,0.5101,0.0000,
2022-04-21,0.5539,0.8042,0.0639,0.5467,0.0000,0.4236,0.7615,0.0000,0.4165,0.6758,0.4001,0.3389,0.5722,0.0546,0.3276,0.6356,0.5710,0.5153,0.3636,0.0000,0.1432,0.0442,0.5102,0.0000,
2022-04-20,0.5295,0.7973,0.0484,0.5442,0.0000,0.4150,0.7690,0.0000,0.3996,0.6664,0.4084,0.3453,0.5663,0.0571,0.3262,0.6257,0.5475,0.4996,0.3507,0.0000,0.1466,0.0454,0.5104,0.0000,
2022-04-19,0.5037,0.7960,0.0383,0.5417,0.0000,0.4120,0.7768,0.0000,0.3822,0.6568,0.4170,0.3520,0.5602,0.0597,0.3248,0.6119,0.5227,0.4830,0.3425,0.0000,0.1502,0.0468,0.5106,0.0000,
2022-04-18,0.4765,0.7947,0.0278,0.5390,0.0000,0.4088,0.7848,0.0000,0.3716,0.6469,0.4259,0.3590,0.5583,0.0625,0.3233,0.5973,0.5021,0.4655,0.3119,0.0000,0.1538,0.0481,0.5108,0.0000,
2022-04-17,0.5026,0.7992,0.0170,0.5408,0.0000,0.4056,0.7931,0.0000,0.3679,0.6367,0.4351,0.3664,0.5610,0.0654,0.3189,0.5820,0.4803,0.4485,0.2852,0.0000,0.1575,0.0495,0.5110,0.0000,
2022-04-16,0.4754,0.8039,0.0057,0.5427,0.0000,0.4022,0.8015,0.0000,0.3641,0.6334,0.4447,0.3740,0.5639,0.0684,0.3157,0.5658,0.4573,0.4291,0.2789,0.0000,0.1613,0.0509,0.5112,0.0000,
2022-04-15,0.4467,0.8088,0.0000,0.5492,0.0000,0.3988,0.8102,0.0000,0.3674,0.6300,0.4545,0.3821,0.5714,0.0715,0.3082,0.5452,0.4330,0.4141,0.2804,0.0000,0.1652,0.0524,0.5114,0.0000,
2022-04-14,0.4164,0.8198,0.0000,0.5607,0.0000,0.3952,0.8192,0.0000,0.3708,0.6265,0.4648,0.3951,0.5839,0.0748,0.3004,0.5236,0.4074,0.3929,0.2684,0.0000,0.1692,0.0539,0.5116,0.0000,
2022-04-13,0.4392,0.8370,0.0000,0.5774,0.0000,0.3974,0.8357,0.0000,0.3743,0.6302,0.4813,0.4087,0.6016,0.0783,0.2948,0.5042,0.3804,0.3650,0.2420,0.0000,0.1733,0.0555,0.5208,0.0000,
2022-04-12,0.4085,0.8549,0.0000,0.5947,0.0000,0.4056,0.8526,0.0000,0.3779,0.6412,0.4984,0.4229,0.6201,0.0819,0.2889,0.4837,0.3520,0.3356,0.2142,0.0000,0.1774,0.0571,0.5212,0.0000,
2022-04-11,0.4308,0.8675,0.0000,0.6083,0.0000,0.4140,0.8628,0.0000,0.3888,0.6525,0.5161,0.4332,0.6395,0.0857,0.2772,0.4690,0.3274,0.3100,0.1821,0.0000,0.1817,0.0587,0.5215,0.0000,
2022-04-10,0.4544,0.8747,0.0000,0.6225,0.0000,0.4228,0.8805,0.0000,0.4000,0.6641,0.5344,0.4393,0.6597,0.0896,0.2922,0.4466,0.3453,0.3269,0.1920,0.0000,0.1861,0.0604,0.5130,0.0000,
2022-04-09,0.4793,0.8762,0.0000,0.6374,0.0000,0.4319,0.8987,0.0000,0.4116,0.6761,0.5475,0.4457,0.6763,0.0937,0.2807,0.4230,0.3149,0.3008,0.1560,0.0000,0.1906,0.0622,0.5042,0.0000,
2022-04-08,0.4508,0.8836,0.0000,0.6530,0.0000,0.4414,0.9175,0.0000,0.4163,0.6884,0.5551,0.4524,0.6891,0.0981,0.2686,0.3947,0.2884,0.2789,0.1207,0.0000,0.1952,0.0640,0.4953,0.0000,
2022-04-07,0.4755,0.8972,0.0000,0.6738,0.0000,0.4511,0.9368,0.0000,0.4211,0.7011,0.5630,0.4641,0.7070,0.1026,0.2585,0.3648,0.2603,0.2557,0.0835,0.0000,0.1999,0.0658,0.4863,0.0000,
2022-04-06,0.5015,0.9054,0.0000,0.6911,0.0000,0.4612,0.9494,0.0000,0.4260,0.7142,0.5711,0.4716,0.7211,0.1073,0.2726,0.3846,0.2746,0.2696,0.0880,0.0000,0.2047,0.0677,0.4771,0.0000,
2022-04-05,0.5290,0.9080,0.0000,0.7045,0.0000,0.4717,0.9552,0.0000,0.4311,0.7276,0.5796,0.4795,0.7313,0.1076,0.2874,0.4055,0.2896,0.2842,0.0929,0.0000,0.2097,0.0697,0.4677,0.0000,
2022-04-04,0.5580,0.9106,0.0000,0.7185,0.0000,0.4825,0.9611,0.0000,0.4363,0.7414,0.5883,0.4878,0.7420,0.1080,0.3030,0.4276,0.3055,0.2997,0.0979,0.0000,0.2147,0.0717,0.4581,0.0000,
2022-04-03,0.5885,0.9134,0.0000,0.7332,0.0000,0.4937,0.9672,0.0000,0.4417,0.7556,0.5974,0.4965,0.7532,0.1084,0.3195,0.4509,0.3222,0.3160,0.1033,0.0000,0.2199,0.0738,0.4484,0.0000,
2022-04-02,0.6208,0.9162,0.0000,0.7486,0.0000,0.5054,0.9735,0.0000,0.4473,0.7702,0.6067,0.5055,0.7648,0.1088,0.3369,0.4754,0.3398,0.3332,0.1089,0.0000,0.2252,0.0759,0.4385,0.0000,
2022-04-01,0.6548,0.9132,0.0000,0.7600,0.0000,0.5174,0.9800,0.0000,0.4530,0.7780,0.6165,0.5150,0.7770,0.1092,0.3553,0.5014,0.3584,0.3514,0.1149,0.0000,0.2307,0.0781,0.4285,0.0000,
2022-03-31,0.6906,0.9101,0.0000,0.7720,0.0000,0.5298,0.9866,0.0000,0.4588,0.7860,0.6265,0.5249,0.7852,0.1096,0.3746,0.5287,0.3780,0.3706,0.1212,0.0000,0.2362,0.0804,0.4182,0.0000,
2022-03-30,0.7284,0.9070,0.0000,0.7845,0.0000,0.5368,0.9862,0.0000,0.4649,0.7943,0.6369,0.5353,0.7937,0.1100,0.3951,0.5576,0.3987,0.3908,0.1278,0.0000,0.2419,0.0827,0.4078,0.0000,
2022-03-29,0.7136,0.9037,0.0000,0.7977,0.0000,0.5441,0.9858,0.0000,0.4711,0.8028,0.6477,0.5461,0.8027,0.1105,0.3974,0.5538,0.3768,0.3738,0.1348,0.0000,0.2478,0.0851,0.3972,0.0000,
2022-03-28,0.6979,0.9062,0.0000,0.8160,0.0000,0.5515,0.9854,0.0000,0.4775,0.8116,0.6589,0.5575,0.8120,0.1110,0.4191,0.5840,0.3974,0.3942,0.1421,0.0000,0.2538,0.0875,0.3864,0.0000,
2022-03-27,0.6813,0.9147,0.0000,0.8352,0.0000,0.5593,0.9850,0.0000,0.4840,0.8206,0.6645,0.5739,0.8218,0.1115,0.4092,0.5645,0.3808,0.3911,0.1499,0.0000,0.2599,0.0901,0.3754,0.0000,
2022-03-26,0.6639,0.9147,0.0000,0.8352,0.0000,0.5673,0.9846,0.0000,0.4908,0.8371,0.6763,0.5912,0.8366,0.1120,0.3986,0.5407,0.3743,0.3878,0.1570,0.0000,0.2661,0.0927,0.3642,0.0000,
2022-03-25,0.7002,0.9235,0.0000,0.8460,0.0000,0.5756,0.9841,0.0000,0.4978,0.8541,0.6885,0.6046,0.8521,0.1126,0.3903,0.5702,0.3674,0.3925,0.1656,0.0000,0.2726,0.0953,0.3617,0.0000,
2022-03-24,0.6838,0.9326,0.0000,0.8573,0.0000,0.5842,0.9837,0.0000,0.5049,0.8715,0.7011,0.6186,0.8637,0.1131,0.3732,0.5551,0.3601,0.3975,0.1747,0.0000,0.2791,0.0981,0.3592,0.0000,
2022-03-23,0.6665,0.9480,0.0000,0.8738,0.0000,0.5872,0.9832,0.0000,0.5123,0.8823,0.7141,0.6379,0.8759,0.1137,0.3552,0.5308,0.3470,0.4028,0.1842,0.0000,0.2859,0.1009,0.3657,0.0000,
2022-03-22,0.7030,0.9639,0.0000,0.8910,0.0000,0.5903,0.9827,0.0000,0.5199,0.8933,0.7277,0.6581,0.8886,0.1190,0.3746,0.5598,0.3659,0.4248,0.1943,0.0000,0.2928,0.1038,0.3722,0.0000,
2022-03-21,0.7415,0.9744,0.0000,0.9045,0.0000,0.5935,0.9822,0.0000,0.5277,0.9047,0.7417,0.6792,0.8973,0.1245,0.3951,0.5904,0.3860,0.4480,0.2050,0.0000,0.2998,0.1068,0.3789,0.0000,
2022-03-20,0.7821,0.9794,0.0000,0.9139,0.0000,0.5969,0.9817,0.0000,0.5357,0.9164,0.7562,0.7013,0.9064,0.1302,0.4167,0.6226,0.4071,0.4725,0.2162,0.0000,0.3071,0.1099,0.3857,0.0000,
2022-03-19,0.7702,0.9787,0.0000,0.9191,0.0000,0.5944,0.9812,0.0000,0.5440,0.9212,0.7653,0.7198,0.9113,0.1362,0.4134,0.6019,0.3774,0.4545,0.2143,0.0000,0.3145,0.1131,0.3926,0.0000,
2022-03-18,0.7576,0.9779,0.0000,0.9292,0.0000,0.5918,0.9806,0.0000,0.5525,0.9334,0.7688,0.7392,0.9164,0.1425,0.4031,0.5955,0.3844,0.4520,0.2250,0.0000,0.3221,0.1164,0.3997,0.0000,
2022-03-17,0.7991,0.9772,0.0000,0.9398,0.0000,0.5891,0.9800,0.0000,0.5540,0.9459,0.7724,0.7594,0.9218,0.1490,0.4251,0.6280,0.4054,0.4767,0.2373,0.0000,0.3299,0.1197,0.4068,0.0000,
2022-03-16,0.8428,0.9772,0.0000,0.9463,0.0000,0.5923,0.9795,0.0000,0.5556,0.9516,0.7762,0.7760,0.9228,0.1559,0.4484,0.6624,0.4276,0.5028,0.2503,0.0000,0.3378,0.1232,0.4141,0.0000,
2022-03-15,0.8342,0.9764,0.0000,0.9484,0.0000,0.5956,0.9789,0.0000,0.5572,0.9574,0.7801,0.7887,0.9193,0.1631,0.4455,0.6472,0.4236,0.4864,0.2585,0.0000,0.3460,0.1268,0.4216,0.0000,
2022-03-14,0.8799,0.9755,0.0000,0.9460,0.0000,0.5990,0.9783,0.0000,0.5588,0.9634,0.7841,0.8020,0.9155,0.1706,0.4699,0.6826,0.4468,0.5130,0.2727,0.0000,0.3543,0.1304,0.4291,0.0000,
2022-03-13,0.9281,0.9746,0.0000,0.9435,0.0000,0.6025,0.9776,0.0000,0.5605,0.9623,0.7883,0.8113,0.9116,0.1785,0.4956,0.7200,0.4713,0.5411,0.2876,0.0000,0.3629,0.1342,0.4368,0.0000,
2022-03-12,0.9242,0.9737,0.0000,0.9409,0.0000,0.6002,0.9770,0.0000,0.5623,0.9612,0.7867,0.8165,0.9076,0.1867,0.4898,0.7115,0.4588,0.5351,0.2979,0.0000,0.3596,0.1381,0.4446,0.0000,
2022-03-11,0.9200,0.9728,0.0000,0.9428,0.0000,0.6038,0.9763,0.0000,0.5641,0.9601,0.7909,0.8218,0.9033,0.1953,0.4892,0.7025,0.4401,0.5206,0.2731,0.0000,0.3562,0.1421,0.4526,0.0000,
2022-03-10,0.9156,0.9718,0.0000,0.9448,0.0000,0.6075,0.9756,0.0000,0.5659,0.9590,0.7953,0.8274,0.8989,0.2043,0.4886,0.6930,0.4258,0.5107,0.2661,0.0000,0.3527,0.1390,0.4607,0.0000,
2022-03-09,0.9110,0.9708,0.0000,0.9422,0.0000,0.6172,0.9749,0.0000,0.5678,0.9578,0.7940,0.8287,0.8942,0.2137,0.4824,0.6847,0.4108,0.5058,0.2533,0.0000,0.3491,0.1358,0.4690,0.0000,
2022-03-08,0.9110,0.9698,0.0000,0.9396,0.0000,0.6273,0.9742,0.0000,0.5698,0.9566,0.7926,0.8254,0.8893,0.2236,0.4759,0.6776,0.4059,0.4952,0.2343,0.0000,0.3455,0.1324,0.4774,0.0000,
2022-03-07,0.9110,0.9687,0.0000,0.9368,0.0000,0.6377,0.9735,0.0000,0.5718,0.9553,0.7911,0.8174,0.8893,0.2339,0.4691,0.6736,0.3898,0.4866,0.1979,0.0000,0.3418,0.1290,0.4770,0.0000,
2022-03-06,0.9061,0.9676,0.0000,0.9339,0.0000,0.6485,0.9727,0.0000,0.5739,0.9540,0.7837,0.8090,0.8842,0.2401,0.4592,0.6591,0.3728,0.4777,0.1649,0.0000,0.3380,0.1256,0.4766,0.0000,
2022-03-05,0.9010,0.9665,0.0000,0.9339,0.0000,0.6657,0.9719,0.0000,0.5739,0.9527,0.7760,0.8001,0.8842,0.2465,0.4514,0.6473,0.3659,0.4709,0.1301,0.0000,0.3220,0.1220,0.4762,0.0000,
2022-03-04,0.8956,0.9653,0.0000,0.9308,0.0000,0.6775,0.9711,0.0000,0.5688,0.9513,0.7740,0.7909,0.8789,0.2533,0.4378,0.6348,0.3640,0.4639,0.1099,0.0000,0.3056,0.1183,0.4757,0.0000,
2022-03-03,0.8899,0.9641,0.0000,0.9276,0.0000,0.6897,0.9703,0.0000,0.5708,0.9499,0.7719,0.7813,0.8733,0.2603,0.4206,0.6216,0.3702,0.4564,0.1153,0.0000,0.2889,0.1144,0.4753,0.0000,
2022-03-02,0.8838,0.9628,0.0000,0.9243,0.0000,0.6964,0.9694,0.0000,0.5728,0.9485,0.7638,0.7712,0.8675,0.2677,0.4108,0.6008,0.3631,0.4485,0.1205,0.0000,0.2838,0.1105,0.4749,0.0000,
2022-03-01,0.8775,0.9615,0.0000,0.9208,0.0000,0.7034,0.9685,0.0000,0.5749,0.9470,0.7554,0.7607,0.8660,0.2755,0.3949,0.5926,0.3720,0.4456,0.1260,0.0000,0.2785,0.1065,0.4744,0.0000,
2022-02-28,0.8708,0.9601,0.0000,0.9171,0.0000,0.7106,0.9676,0.0000,0.5771,0.9454,0.7467,0.7496,0.8644,0.2836,0.3836,0.5771,0.3541,0.4317,0.1110,0.0000,0.2732,0.1023,0.4739,0.0000,
2022-02-27,0.8637,0.9587,0.0000,0.9133,0.0000,0.7181,0.9667,0.0000,0.5793,0.9439,0.7436,0.7427,0.8674,0.2920,0.3772,0.5608,0.3351,0.4169,0.0952,0.0000,0.2677,0.0981,0.4735,0.0000,
2022-02-26,0.8562,0.9572,0.0000,0.9133,0.0000,0.7318,0.9657,0.0000,0.5816,0.9422,0.7464,0.7401,0.8658,0.3009,0.3622,0.5367,0.3097,0.4069,0.0977,0.0000,0.2621,0.0937,0.4730,0.0000,
2022-02-25,0.9031,0.9557,0.0000,0.9093,0.0000,0.7459,0.9647,0.0000,0.5912,0.9406,0.7492,0.7419,0.8643,0.3101,0.3820,0.5661,0.3266,0.4292,0.1030,0.0000,0.2564,0.0892,0.4725,0.0000,
2022-02-24,0.8978,0.9541,0.0000,0.9052,0.0000,0.7606,0.9637,0.0000,0.6011,0.9388,0.7521,0.7392,0.8626,0.3198,0.3755,0.5491,0.3226,0.4252,0.1087,0.0000,0.2505,0.0917,0.4720,0.0000,
2022-02-23,0.8922,0.9525,0.0000,0.9008,0.0000,0.7699,0.9627,0.0000,0.6112,0.9371,0.7552,0.7410,0.8609,0.3299,0.3577,0.5244,0.3266,0.4239,0.1143,0.0000,0.2565,0.0944,0.4715,0.0000,
2022-02-22,0.8863,0.9508,0.0000,0.9008,0.0000,0.7794,0.9616,0.0000,0.6217,0.9353,0.7583,0.7429,0.8637,0.3405,0.3417,0.5052,0.3308,0.4224,0.1200,0.0000,0.2627,0.0971,0.4710,0.0000,
2022-02-21,0.8801,0.9490,0.0000,0.9009,0.0000,0.7834,0.9605,0.0000,0.6324,0.9334,0.7616,0.7449,0.8713,0.3516,0.3248,0.4918,0.3352,0.4209,0.1239,0.0000,0.2691,0.0999,0.4705,0.0000,
2022-02-20,0.8735,0.9472,0.0000,0.9009,0.0000,0.7876,0.9593,0.0000,0.6435,0.9315,0.7649,0.7516,0.8791,0.3632,0.3425,0.5187,0.3535,0.4439,0.1307,0.0000,0.2756,0.1028,0.4700,0.0000,
2022-02-19,0.8666,0.9454,0.0000,0.8963,0.0000,0.7860,0.9581,0.0000,0.6548,0.9295,0.7684,0.7540,0.8874,0.3708,0.3229,0.4991,0.3537,0.4244,0.1269,0.0000,0.2822,0.1058,0.4694,0.0000,
2022-02-18,0.8593,0.9434,0.0000,0.8915,0.0000,0.7843,0.9569,0.0000,0.6738,0.9274,0.7721,0.7565,0.8960,0.3786,0.3077,0.4819,0.3539,0.4148,0.0955,0.0000,0.2890,0.1089,0.4689,0.0000,
2022-02-17,0.8516,0.9414,0.0000,0.8912,0.0000,0.7825,0.9557,0.0000,0.6860,0.9253,0.7758,0.7591,0.9005,0.3869,0.2917,0.4604,0.3541,0.4019,0.0925,0.0000,0.2960,0.1120,0.4683,0.0000,
2022-02-16,0.8982,0.9393,0.0000,0.8907,0.0000,0.7807,0.9544,0.0000,0.6986,0.9232,0.7797,0.7618,0.9051,0.3909,0.2748,0.4411,0.3544,0.3910,0.0954,0.0000,0.3032,0.1152,0.4678,0.0000,
2022-02-15,0.8926,0.9372,0.0000,0.8903,0.0000,0.7729,0.9531,0.0000,0.7044,0.9210,0.7837,0.7646,0.9053,0.3904,0.2570,0.4173,0.3464,0.3768,0.0978,0.0000,0.2984,0.1186,0.4672,0.0000,
2022-02-14,0.8926,0.9349,0.0000,0.8899,0.0000,0.7649,0.9517,0.0000,0.7030,0.9187,0.7878,0.7676,0.9056,0.3854,0.2710,0.4401,0.3654,0.3974,0.1032,0.0000,0.2935,0.1220,0.4666,0.0000,
2022-02-13,0.8868,0.9326,0.0000,0.8848,0.0000,0.7565,0.9503,0.0000,0.7017,0.9163,0.7922,0.7661,0.9012,0.3801,0.2612,0.4197,0.3361,0.3754,0.0979,0.0000,0.2886,0.1255,0.4660,0.0000,
2022-02-12,0.8806,0.9302,0.0000,0.8795,0.0000,0.7479,0.9489,0.0000,0.7003,0.9139,0.7907,0.7600,0.8967,0.3700,0.2755,0.3879,0.3052,0.3603,0.0978,0.0000,0.2835,0.1292,0.4654,0.0000,
2022-02-11,0.8740,0.9277,0.0000,0.8739,0.0000,0.7389,0.9474,0.0000,0.6916,0.9114,0.7892,0.7489,0.8919,0.3548,0.2549,0.3646,0.3055,0.3444,0.1026,0.0000,0.2782,0.1329,0.4648,0.0000,
2022-02-10,0.8671,0.9252,0.0000,0.8681,0.0000,0.7297,0.9459,0.0000,0.6827,0.9089,0.7876,0.7419,0.8869,0.3389,0.2388,0.3435,0.2784,0.3195,0.0918,0.0000,0.2729,0.1367,0.4641,0.0000,
2022-02-09,0.9146,0.9225,0.0000,0.8620,0.0000,0.7201,0.9443,0.0000,0.6735,0.9062,0.7860,0.7300,0.8817,0.3176,0.2518,0.3623,0.2936,0.3370,0.0968,0.0000,0.2674,0.1407,0.4635,0.0000,
2022-02-08,0.9099,0.9198,0.0000,0.8557,0.0000,0.7101,0.9427,0.0000,0.6641,0.9035,0.7784,0.7176,0.8763,0.2908,0.2656,0.3821,0.3097,0.3116,0.1021,0.0000,0.2618,0.1447,0.4628,0.0000,
2022-02-07,0.9050,0.9169,0.0000,0.8490,0.0000,0.6998,0.9411,0.0000,0.6544,0.9007,0.7705,0.7046,0.8706,0.2627,0.2500,0.3483,0.2993,0.2903,0.1049,0.0000,0.2560,0.1489,0.4622,0.0000,
2022-02-06,0.8998,0.9140,0.0000,0.8421,0.0000,0.6891,0.9394,0.0000,0.6444,0.8979,0.7624,0.6909,0.8646,0.2379,0.2637,0.3674,0.3157,0.3062,0.1107,0.0000,0.2501,0.1532,0.4615,0.0000,
2022-02-05,0.8943,0.9109,0.0000,0.8348,0.0000,0.6781,0.9376,0.0000,0.6341,0.8949,0.7598,0.6767,0.8584,0.2166,0.2481,0.3396,0.2946,0.2901,0.1058,0.0000,0.2441,0.1577,0.4608,0.0000,
2022-02-04,0.8885,0.9077,0.0000,0.8272,0.0000,0.6667,0.9358,0.0000,0.6235,0.8919,0.7572,0.6664,0.8518,0.1943,0.2288,0.3274,0.2670,0.2732,0.0842,0.0000,0.2379,0.1622,0.4601,0.0000,
2022-02-03,0.8824,0.9045,0.0000,0.8192,0.0000,0.6548,0.9340,0.0000,0.6126,0.8887,0.7545,0.6556,0.8450,0.1710,0.2057,0.2974,0.2651,0.2608,0.0833,0.0000,0.2316,0.1669,0.4594,0.0000,
2022-02-02,0.8760,0.9011,0.0000,0.8109,0.0000,0.6426,0.9321,0.0000,0.6014,0.8855,0.7576,0.6444,0.8379,0.1512,0.1814,0.2589,0.2495,0.2449,0.0824,0.0000,0.2251,0.1717,0.4586,0.0000,
2022-02-01,0.8692,0.8976,0.0000,0.8022,0.0000,0.6299,0.9301,0.0000,0.5899,0.8822,0.7609,0.6326,0.8304,0.1352,0.1584,0.2251,0.2276,0.2255,0.0650,0.0000,0.2185,0.1767,0.4579,0.0000,
2022-01-31,0.8620,0.8939,0.0000,0.7930,0.0000,0.6167,0.9281,0.0000,0.5781,0.8788,0.7583,0.6157,0.8226,0.1230,0.1425,0.2169,0.1963,0.1940,0.0439,0.0000,0.2117,0.1818,0.4571,0.0000,
2022-01-30,0.8544,0.8902,0.0000,0.7835,0.0000,0.6031,0.9260,0.0000,0.5659,0.8753,0.7556,0.5979,0.8144,0.1102,0.1229,0.1912,0.1632,0.1663,0.0272,0.0000,0.2048,0.1798,0.4653,0.0000,
2022-01-29,0.8465,0.8863,0.0000,0.7735,0.0000,0.5890,0.9238,0.0000,0.5533,0.8717,0.7529,0.5840,0.8058,0.1014,0.0968,0.1674,0.1365,0.1371,0.0281,0.0000,0.1976,0.1778,0.4737,0.0000,
2022-01-28,0.8381,0.8822,0.0000,0.7631,0.0000,0.5744,0.9216,0.0000,0.5404,0.8680,0.7441,0.5695,0.7969,0.0969,0.0747,0.1355,0.1029,0.1008,0.0105,0.0000,0.1903,0.1757,0.4822,0.0000,
2022-01-27,0.8292,0.8780,0.0000,0.7522,0.0000,0.5593,0.9194,0.0000,0.5271,0.8642,0.7350,0.5542,0.7875,0.0921,0.0459,0.0950,0.0757,0.0679,0.0100,0.0000,0.1708,0.1736,0.4908,0.0000,
2022-01-26,0.8198,0.8737,0.0000,0.7407,0.0000,0.5436,0.9170,0.0000,0.5134,0.8602,0.7256,0.5383,0.7777,0.0918,0.0156,0.0454,0.0415,0.0415,0.0078,0.0000,0.1629,0.1714,0.4996,0.0000,
2022-01-25,0.8100,0.8692,0.0000,0.7288,0.0000,0.5274,0.9147,0.0000,0.4994,0.8562,0.7218,0.5262,0.7675,0.0960,0.0000,0.0000,0.0000,0.0000,0.0000,0.0000,0.1547,0.1691,0.5086,0.0000,
2022-01-24,0.7996,0.8646,0.0000,0.7163,0.0000,0.5106,0.9147,0.0000,0.4849,0.8521,0.7119,0.5182,0.7568,0.1004,0.0000,0.0000,0.0000,0.0000,0.0000,0.0000,0.1464,0.1668,0.5177,0.0000,
2022-01-23,0.7886,0.8598,0.0000,0.7163,0.0000,0.4933,0.9122,0.0000,0.4700,0.8478,0.7076,0.5182,0.7456,0.1051,0.0000,0.0000,0.0000,0.0000,0.0000,0.0000,0.1379,0.1644,0.5270,0.0000,
2022-01-22,0.7770,0.8548,0.0000,0.7032,0.0000,0.4753,0.9096,0.0000,0.4547,0.8434,0.7031,0.5052,0.7338,0.1099,0.0000,0.0000,0.0000,0.0000,0.0000,0.0000,0.1291,0.1619,0.5364,0.0000,
2022-01-21,0.7648,0.8496,0.0000,0.6895,0.0000,0.4566,0.9070,0.0000,0.4389,0.8388,0.6985,0.4916,0.7216,0.1150,0.0000,0.0000,0.0000,0.0000,0.0000,0.0000,0.1202,0.1593,0.5461,0.0000,
2022-01-20,0.7519,0.8443,0.0000,0.6752,0.0000,0.4373,0.9043,0.0000,0.4227,0.8342,0.6937,0.4774,0.7087,0.1203,0.0000,0.0000,0.0000,0.0000,0.0000,0.0000,0.1110,0.1567,0.5559,0.0000,
2022-01-19,0.7383,0.8387,0.0000,0.6603,0.0000,0.4173,0.9016,0.0000,0.4060,0.8294,0.6887,0.4672,0.6953,0.1258,0.0000,0.0000,0.0000,0.0000,0.0000,0.0000,0.1016,0.1540,0.5658,0.0000,
2022-01-18,0.7240,0.8330,0.0000,0.6446,0.0000,0.3966,0.8987,0.0000,0.3888,0.8245,0.6836,0.4610,0.6859,0.1316,0.0000,0.0000,0.0000,0.0000,0.0000,0.0000,0.0920,0.1512,0.5670,0.0000,
2022-01-17,0.7089,0.8271,0.0000,0.6282,0.0000,0.3752,0.8958,0.0000,0.3712,0.8194,0.6783,0.4592,0.6760,0.1377,0.0000,0.0000,0.0000,0.0000,0.0000,0.0000,0.0942,0.1484,0.5682,0.0000,
2022-01-16,0.6930,0.8209,0.0000,0.6111,0.0000,0.3530,0.8928,0.0000,0.3530,0.8142,0.6668,0.4592,0.6657,0.1394,0.0000,0.0000,0.0000,0.0000,0.0000,0.0000,0.0965,0.1527,0.5694,0.0000,
2022-01-15,0.6761,0.8146,0.0000,0.5932,0.0000,0.3300,0.8897,0.0000,0.3343,0.8088,0.6550,0.4528,0.6549,0.1412,0.0000,0.0000,0.0000,0.0000,0.0000,0.0000,0.0988,0.1571,0.5707,0.0000,
2022-01-14,0.6584,0.8080,0.0000,0.5790,0.0000,0.3062,0.8865,0.0000,0.3223,0.8033,0.6427,0.4506,0.6482,0.1431,0.0000,0.0000,0.0000,0.0000,0.0000,0.0000,0.1012,0.1616,0.5719,0.0000,
2022-01-13,0.6397,0.8012,0.0000,0.5688,0.0000,0.2816,0.8832,0.0000,0.3099,0.7976,0.6301,0.4483,0.6458,0.1451,0.0000,0.0000,0.0000,0.0000,0.0000,0.0000,0.1036,0.1663,0.5643,0.0000,
2022-01-12,0.6200,0.7941,0.0000,0.5628,0.0000,0.2561,0.8798,0.0000,0.2972,0.7917,0.6228,0.4483,0.6458,0.1472,0.0000,0.0000,0.0000,0.0000,0.0000,0.0000,0.1061,0.1711,0.5564,0.0000,
2022-01-11,0.5991,0.7868,0.0000,0.5611,0.0000,0.2296,0.8764,0.0000,0.2769,0.7857,0.6154,0.4483,0.6479,0.1494,0.0000,0.0000,0.0000,0.0000,0.0000,0.0000,0.1087,0.1761,0.5485,0.0000,
2022-01-10,0.5772,0.7851,0.0000,0.5639,0.0000,0.2023,0.8728,0.0000,0.2560,0.7867,0.6135,0.4459,0.6501,0.1517,0.0000,0.0000,0.0000,0.0000,0.0000,0.0000,0.1113,0.1811,0.5404,0.0000,
2022-01-09,0.5540,0.7894,0.0000,0.5714,0.0000,0.1799,0.8764,0.0000,0.2344,0.7806,0.6057,0.4480,0.6501,0.1540,0.0000,0.0000,0.0000,0.0000,0.0000,0.0000,0.1140,0.1864,0.5322,0.0000,
2022-01-08,0.5296,0.7937,0.0000,0.5793,0.0000,0.1566,0.8800,0.0000,0.2123,0.7815,0.5976,0.4549,0.6570,0.1565,0.0000,0.0000,0.0000,0.0000,0.0000,0.0000,0.1168,0.1918,0.5238,0.0000,
2022-01-07,0.5586,0.7982,0.0000,0.5876,0.0000,0.1326,0.8838,0.0000,0.1895,0.7896,0.5893,0.4620,0.6689,0.1591,0.0000,0.0000,0.0000,0.0000,0.0000,0.0000,0.1196,0.1973,0.5152,0.0000,
2022-01-06,0.5892,0.8029,0.0000,0.5962,0.0000,0.1077,0.8876,0.0000,0.1661,0.7907,0.5806,0.4695,0.6813,0.1619,0.0000,0.0000,0.0000,0.0000,0.0000,0.0000,0.1225,0.2030,0.5065,0.0000,
2022-01-05,0.6215,0.8077,0.0000,0.6053,0.0000,0.0819,0.8916,0.0000,0.1420,0.7919,0.5716,0.4773,0.6942,0.1647,0.0000,0.0000,0.0000,0.0000,0.0000,0.0000,0.1254,0.2089,0.4977,0.0000,
2022-01-04,0.6007,0.8127,0.0000,0.6101,0.0000,0.0552,0.8885,0.0000,0.1172,0.7931,0.5623,0.4854,0.7032,0.1677,0.0000,0.0000,0.0000,0.0000,0.0000,0.0000,0.1285,0.2149,0.4887,0.0000,
2022-01-03,0.5789,0.8239,0.0000,0.6198,0.0000,0.0335,0.8853,0.0000,0.0989,0.7944,0.5586,0.4940,0.7172,0.1708,0.0000,0.0000,0.0000,0.0000,0.0000,0.0000,0.1316,0.2211,0.4795,0.0000,
2022-01-02,0.5558,0.8354,0.0000,0.6300,0.0000,0.0170,0.8819,0.0000,0.0801,0.7884,0.5548,0.5075,0.7318,0.1787,0.0000,0.0000,0.0000,0.0000,0.0000,0.0000,0.1347,0.2275,0.4702,0.0000,
2022-01-01,0.5863,0.8473,0.0000,0.6406,0.0000,0.0057,0.8785,0.0000,0.0607,0.7823,0.5508,0.5217,0.7471,0.1869,0.0000,0.0000,0.0000,0.0000,0.0000,0.0000,0.1380,0.2341,0.4607,0.0000,
2021-12-31,0.6184,0.8596,0.0000,0.6470,0.0000,0.0000,0.8750,0.0000,0.0408,0.7832,0.5526,0.5366,0.7631,0.1955,0.0000,0.0000,0.0000,0.0000,0.0000,0.0000,0.1413,0.2409,0.4600,0.0000,
2021-12-30,0.6522,0.8724,0.0000,0.6538,0.0000,0.0000,0.8714,0.0000,0.0275,0.7842,0.5545,0.5521,0.7752,0.2046,0.0000,0.0000,0.0000,0.0000,0.0000,0.0000,0.1447,0.2478,0.4593,0.0000,
2021-12-29,0.6880,0.8797,0.0000,0.6609,0.0000,0.0000,0.8677,0.0000,0.0139,0.7852,0.5564,0.5683,0.7833,0.2140,0.0000,0.0000,0.0000,0.0000,0.0000,0.0000,0.1482,0.2550,0.4585,0.0000,
2021-12-28,0.6709,0.8813,0.0000,0.6683,0.0000,0.0000,0.8639,0.0000,0.0070,0.7862,0.5584,0.5807,0.7917,0.2238,0.0000,0.0000,0.0000,0.0000,0.0000,0.0000,0.1518,0.2624,0.4578,0.0000,
2021-12-27,0.7076,0.8830,0.0000,0.6715,0.0000,0.0000,0.8599,0.0000,0.0000,0.7873,0.5605,0.5936,0.8006,0.2342,0.0000,0.0000,0.0000,0.0000,0.0000,0.0000,0.1555,0.2700,0.4570,0.0000,
2021-12-26,0.6916,0.8789,0.0000,0.6702,0.0000,0.0000,0.8559,0.0000,0.0000,0.7956,0.5686,0.6071,0.8098,0.2450,0.0000,0.0000,0.0000,0.0000,0.0000,0.0000,0.1592,0.2778,0.4652,0.0000,
2021-12-25,0.7295,0.8746,0.0000,0.6688,0.0000,0.0000,0.8517,0.0000,0.0000,0.7969,0.5710,0.6167,0.8149,0.2562,0.0000,0.0000,0.0000,0.0000,0.0000,0.0000,0.1630,0.2858,0.4736,0.0000,
2021-12-24,0.7694,0.8701,0.0000,0.6674,0.0000,0.0000,0.8474,0.0000,0.0000,0.7982,0.5735,0.6267,0.8201,0.2681,0.0000,0.0000,0.0000,0.0000,0.0000,0.0000,0.1670,0.2941,0.4821,0.0000,
2021-12-23,0.8116,0.8655,0.0000,0.6659,0.0000,0.0000,0.8430,0.0000,0.0000,0.8069,0.5761,0.6371,0.8211,0.2804,0.0000,0.0000,0.0000,0.0000,0.0000,0.0000,0.1710,0.3026,0.4907,0.0000,
2021-12-22,0.8012,0.8655,0.0000,0.6597,0.0000,0.0000,0.8385,0.0000,0.0000,0.8085,0.5788,0.6434,0.8220,0.2933,0.0000,0.0000,0.0000,0.0000,0.0000,0.0000,0.1751,0.3113,0.4995,0.0000,
2021-12-21,0.8451,0.8607,0.0000,0.6578,0.0000,0.0000,0.8338,0.0000,0.0000,0.8102,0.5816,0.6500,0.8277,0.3069,0.0000,0.0000,0.0000,0.0000,0.0000,0.0000,0.1673,0.3203,0.5085,0.0000,
2021-12-20,0.8366,0.8558,0.0000,0.6513,0.0000,0.0000,0.8290,0.0000,0.0000,0.8119,0.5845,0.6570,0.8290,0.3210,0.0000,0.0000,0.0000,0.0000,0.0000,0.0000,0.1593,0.3296,0.5176,0.0000,
2021-12-19,0.8277,0.8507,0.0000,0.6444,0.0000,0.0000,0.8240,0.0000,0.0000,0.8137,0.5935,0.6596,0.8303,0.3358,0.0000,0.0000,0.0000,0.0000,0.0000,0.0000,0.1510,0.3391,0.5268,0.0000,
2021-12-18,0.8183,0.8454,0.0000,0.6372,0.0000,0.0000,0.8190,0.0000,0.0000,0.8083,0.6086,0.6623,0.8363,0.3513,0.0000,0.0000,0.0000,0.0000,0.0000,0.0000,0.1426,0.3489,0.5363,0.0000,
2021-12-17,0.8083,0.8399,0.0000,0.6297,0.0000,0.0000,0.8137,0.0000,0.0000,0.8028,0.6243,0.6606,0.8426,0.3675,0.0000,0.0000,0.0000,0.0000,0.0000,0.0000,0.1340,0.3518,0.5459,0.0000,
2021-12-16,0.7978,0.8342,0.0000,0.6219,0.0000,0.0000,0.8083,0.0000,0.0000,0.7971,0.6406,0.6588,0.8491,0.3844,0.0000,0.0000,0.0000,0.0000,0.0000,0.0000,0.1252,0.3547,0.5557,0.0000,
2021-12-15,0.8415,0.8283,0.0000,0.6137,0.0000,0.0000,0.8028,0.0000,0.0000,0.7912,0.6515,0.6569,0.8560,0.3975,0.0000,0.0000,0.0000,0.0000,0.0000,0.0000,0.1161,0.3577,0.5657,0.0000,
2021-12-14,0.8328,0.8281,0.0000,0.6005,0.0000,0.0000,0.7971,0.0000,0.0000,0.7852,0.6569,0.6549,0.8586,0.4066,0.0000,0.0000,0.0000,0.0000,0.0000,0.0000,0.1069,0.3608,0.5668,0.0000,
2021-12-13,0.8237,0.8220,0.0000,0.5867,0.0000,0.0000,0.7912,0.0000,0.0000,0.7790,0.6624,0.6528,0.8613,0.4161,0.0000,0.0000,0.0000,0.0000,0.0000,0.0000,0.0974,0.3641,0.5680,0.0000,
2021-12-12,0.8140,0.8157,0.0000,0.5722,0.0000,0.0000,0.7852,0.0000,0.0000,0.7726,0.6623,0.6460,0.8595,0.4261,0.0000,0.0000,0.0000,0.0000,0.0000,0.0000,0.0877,0.3673,0.5693,0.0000,
2021-12-11,0.8586,0.8091,0.0000,0.5571,0.0000,0.0000,0.7790,0.0000,0.0000,0.7660,0.6680,0.6389,0.8577,0.4365,0.0000,0.0000,0.0000,0.0000,0.0000,0.0000,0.0898,0.3707,0.5615,0.0000,
2021-12-10,0.8508,0.8024,0.0000,0.5413,0.0000,0.0000,0.7726,0.0000,0.0000,0.7592,0.6681,0.6315,0.8511,0.4428,0.0000,0.0000,0.0000,0.0000,0.0000,0.0000,0.0919,0.3742,0.5537,0.0000,
2021-12-09,0.8427,0.7953,0.0000,0.5248,0.0000,0.0000,0.7660,0.0000,0.0000,0.7523,0.6681,0.6237,0.8442,0.4494,0.0000,0.0000,0.0000,0.0000,0.0000,0.0000,0.0942,0.3778,0.5457,0.0000,
2021-12-08,0.8888,0.7953,0.0000,0.5121,0.0000,0.0000,0.7592,0.0000,0.0000,0.7451,0.6682,0.6156,0.8370,0.4517,0.0000,0.0000,0.0000,0.0000,0.0000,0.0000,0.0964,0.3743,0.5375,0.0000,
2021-12-07,0.8827,0.7881,0.0000,0.4988,0.0000,0.0000,0.7523,0.0000,0.0000,0.7378,0.6623,0.6025,0.8295,0.4541,0.0000,0.0000,0.0000,0.0000,0.0000,0.0000,0.0988,0.3707,0.5292,0.0000,
2021-12-06,0.8763,0.7805,0.0000,0.4849,0.0000,0.0000,0.7451,0.0000,0.0000,0.7302,0.6563,0.5842,0.8217,0.4566,0.0000,0.0000,0.0000,0.0000,0.0000,0.0000,0.1011,0.3669,0.5208,0.0000,
2021-12-05,0.8695,0.7805,0.0000,0.4704,0.0000,0.0000,0.7378,0.0000,0.0000,0.7224,0.6500,0.5650,0.8135,0.4546,0.0000,0.0000,0.0000,0.0000,0.0000,0.0000,0.1036,0.3631,0.5122,0.0000,
2021-12-04,0.8624,0.7728,0.0000,0.4552,0.0000,0.0000,0.7302,0.0000,0.0000,0.7144,0.6375,0.5450,0.8049,0.4525,0.0000,0.0000,0.0000,0.0000,0.0000,0.0000,0.1061,0.3591,0.5035,0.0000,
2021-12-03,0.8548,0.7728,0.0000,0.4393,0.0000,0.0000,0.7224,0.0000,0.0000,0.7061,0.6247,0.5240,0.7959,0.4503,0.0000,0.0000,0.0000,0.0000,0.0000,0.0000,0.0966,0.3550,0.4945,0.0000,
2021-12-02,0.8469,0.7647,0.0000,0.4393,0.0000,0.0000,0.7144,0.0000,0.0000,0.6976,0.6113,0.5021,0.7865,0.4480,0.0000,0.0000,0.0000,0.0000,0.0000,0.0000,0.0868,0.3508,0.4855,0.0000,
2021-12-01,0.8385,0.7647,0.0000,0.4227,0.0000,0.0000,0.7061,0.0000,0.0000,0.6889,0.6034,0.4791,0.7766,0.4502,0.0000,0.0000,0.0000,0.0000,0.0000,0.0000,0.0769,0.3465,0.4763,0.0000,
2021-11-30,0.8297,0.7563,0.0000,0.4099,0.0000,0.0000,0.6976,0.0000,0.0000,0.6799,0.5953,0.4551,0.7663,0.4571,0.0000,0.0000,0.0000,0.0000,0.0000,0.0000,0.0667,0.3421,0.4669,0.0000,
2021-11-29,0.8203,0.7477,0.0000,0.4012,0.0000,0.0000,0.6889,0.0000,0.0000,0.6706,0.5868,0.4346,0.7555,0.4643,0.0000,0.0000,0.0000,0.0000,0.0000,0.0000,0.0562,0.3375,0.4573,0.0000,
2021-11-28,0.8105,0.7387,0.0000,0.3966,0.0000,0.0000,0.6799,0.0000,0.0000,0.6611,0.5840,0.4177,0.7443,0.4719,0.0000,0.0000,0.0000,0.0000,0.0000,0.0000,0.0455,0.3328,0.4476,0.0000,
2021-11-27,0.8001,0.7294,0.0000,0.3918,0.0000,0.0000,0.6706,0.0000,0.0000,0.6513,0.5810,0.4177,0.7371,0.4798,0.0000,0.0000,0.0000,0.0000,0.0000,0.0000,0.0345,0.3280,0.4377,0.0000,
2021-11-26,0.7892,0.7198,0.0000,0.3868,0.0000,0.0000,0.6611,0.0000,0.0000,0.6412,0.5839,0.4047,0.7296,0.4927,0.0000,0.0000,0.0000,0.0000,0.0000,0.0000,0.0233,0.3230,0.4276,0.0000,
2021-11-25,0.7776,0.7099,0.0000,0.3816,0.0000,0.0000,0.6513,0.0000,0.0000,0.6308,0.5869,0.3911,0.7263,0.5062,0.0000,0.0000,0.0000,0.0000,0.0000,0.0000,0.0118,0.3179,0.4173,0.0000,
2021-11-24,0.7654,0.6995,0.0000,0.3762,0.0000,0.0000,0.6412,0.0000,0.0000,0.6202,0.5841,0.3815,0.7183,0.5250,0.0000,0.0000,0.0000,0.0000,0.0000,0.0000,0.0000,0.3199,0.4069,0.0000,
2021-11-23,0.7526,0.6889,0.0000,0.3659,0.0000,0.0000,0.6308,0.0000,0.0000,0.6092,0.5811,0.3760,0.7100,0.5399,0.0000,0.0000,0.0000,0.0000,0.0000,0.0000,0.0000,0.3219,0.4052,0.0000,
2021-11-22,0.7390,0.6778,0.0000,0.3551,0.0000,0.0000,0.6202,0.0000,0.0000,0.5979,0.5781,0.3703,0.7012,0.5510,0.0000,0.0000,0.0000,0.0000,0.0000,0.0000,0.0000,0.3240,0.3945,0.0000,
2021-11-21,0.7248,0.6664,0.0000,0.3438,0.0000,0.0000,0.6092,0.0000,0.0000,0.5862,0.5750,0.3643,0.6874,0.5626,0.0000,0.0000,0.0000,0.0000,0.0000,0.0000,0.0000,0.3261,0.3837,0.0000,
2021-11-20,0.7097,0.6545,0.0000,0.3366,0.0000,0.0000,0.5979,0.0000,0.0000,0.5743,0.5717,0.3581,0.6776,0.5747,0.0000,0.0000,0.0000,0.0000,0.0000,0.0000,0.0000,0.3283,0.3726,0.0000,
2021-11-19,0.6938,0.6423,0.0000,0.3336,0.0000,0.0000,0.5862,0.0000,0.0000,0.5620,0.5683,0.3562,0.6674,0.5873,0.0000,0.0000,0.0000,0.0000,0.0000,0.0000,0.0000,0.3306,0.3614,0.0000,
2021-11-18,0.6770,0.6423,0.0000,0.3306,0.0000,0.0000,0.5743,0.0000,0.0000,0.5493,0.5589,0.3541,0.6613,0.6006,0.0000,0.0000,0.0000,0.0000,0.0000,0.0000,0.0000,0.3329,0.3499,0.0000,
2021-11-17,0.6593,0.6295,0.0000,0.3228,0.0000,0.0000,0.5620,0.0000,0.0000,0.5363,0.5432,0.3566,0.6549,0.6098,0.0000,0.0000,0.0000,0.0000,0.0000,0.0000,0.0000,0.3281,0.3383,0.0000,
2021-11-16,0.6407,0.6164,0.0000,0.3100,0.0000,0.0000,0.5493,0.0000,0.0000,0.5229,0.5270,0.3546,0.6482,0.6149,0.0000,0.0000,0.0000,0.0000,0.0000,0.0000,0.0000,0.3231,0.3264,0.0000,
2021-11-15,0.6210,0.6028,0.0000,0.2920,0.0000,0.0000,0.5363,0.0000,0.0000,0.5091,0.5102,0.3479,0.6366,0.6156,0.0000,0.0000,0.0000,0.0000,0.0000,0.0000,0.0000,0.3180,0.3143,0.0000,
2021-11-14,0.6002,0.5887,0.0000,0.2686,0.0000,0.0000,0.5229,0.0000,0.0000,0.4949,0.4928,0.3363,0.6244,0.6117,0.0000,0.0000,0.0000,0.0000,0.0000,0.0000,0.0000,0.3127,0.3020,0.0000,
2021-11-13,0.5783,0.5740,0.0000,0.2441,0.0000,0.0000,0.5091,0.0000,0.0000,0.4803,0.4748,0.3196,0.6071,0.6030,0.0000,0.0000,0.0000,0.0000,0.0000,0.0000,0.0000,0.3073,0.2895,0.0000,
2021-11-12,0.6100,0.5589,0.0000,0.2185,0.0000,0.0000,0.4949,0.0000,0.0000,0.4653,0.4561,0.3020,0.5890,0.5893,0.0000,0.0000,0.0000,0.0000,0.0000,0.0000,0.0000,0.3017,0.2768,0.0000,
2021-11-11,0.5886,0.5432,0.0000,0.1917,0.0000,0.0000,0.4803,0.0000,0.0000,0.4498,0.4368,0.2837,0.5701,0.5750,0.0000,0.0000,0.0000,0.0000,0.0000,0.0000,0.0000,0.2888,0.2638,0.0000,
2021-11-10,0.5661,0.5270,0.0000,0.1637,0.0000,0.0000,0.4653,0.0000,0.0000,0.4339,0.4168,0.2599,0.5503,0.5554,0.0000,0.0000,0.0000,0.0000,0.0000,0.0000,0.0000,0.2755,0.2506,0.0000,
2021-11-09,0.5424,0.5102,0.0000,0.1389,0.0000,0.0000,0.4498,0.0000,0.0000,0.4175,0.3961,0.2350,0.5295,0.5349,0.0000,0.0000,0.0000,0.0000,0.0000,0.0000,0.0000,0.2617,0.2372,0.0000,
2021-11-08,0.5173,0.4928,0.0000,0.1177,0.0000,0.0000,0.4339,0.0000,0.0000,0.4007,0.3747,0.2089,0.5079,0.5135,0.0000,0.0000,0.0000,0.0000,0.0000,0.0000,0.0000,0.2476,0.2235,0.0000,
2021-11-07,0.5456,0.4748,0.0000,0.1001,0.0000,0.0000,0.4175,0.0000,0.0000,0.3834,0.3524,0.1863,0.4852,0.4911,0.0000,0.0000,0.0000,0.0000,0.0000,0.0000,0.0000,0.2331,0.2096,0.0000,
2021-11-06,0.5755,0.4561,0.0000,0.0816,0.0000,0.0000,0.4007,0.0000,0.0000,0.3655,0.3524,0.1863,0.4614,0.4676,0.0000,0.0000,0.0000,0.0000,0.0000,0.0000,0.0000,0.2182,0.1954,0.0000,
2021-11-05,0.5523,0.4368,0.0000,0.0623,0.0000,0.0000,0.3834,0.0000,0.0000,0.3472,0.3294,0.1672,0.4366,0.4431,0.0000,0.0000,0.0000,0.0000,0.0000,0.0000,0.0000,0.2100,0.1810,0.0000,
2021-11-04,0.5277,0.4168,0.0000,0.0422,0.0000,0.0000,0.3655,0.0000,0.0000,0.3283,0.3056,0.1473,0.4106,0.4174,0.0000,0.0000,0.0000,0.0000,0.0000,0.0000,0.0000,0.1944,0.1663,0.0000,
2021-11-03,0.5019,0.3961,0.0000,0.0257,0.0000,0.0000,0.3472,0.0000,0.0000,0.3089,0.2810,0.1264,0.3835,0.3905,0.0000,0.0000,0.0000,0.0000,0.0000,0.0000,0.0000,0.1856,0.1513,0.0000,
2021-11-02,0.4746,0.3747,0.0000,0.0130,0.0000,0.0000,0.3283,0.0000,0.0000,0.2889,0.2554,0.1046,0.3551,0.3624,0.0000,0.0000,0.0000,0.0000,0.0000,0.0000,0.0000,0.1765,0.1361,0.0000,
2021-11-01,0.4458,0.3524,0.0000,0.0044,0.0000,0.0000,0.3089,0.0000,0.0000,0.2684,0.2290,0.0864,0.3253,0.3330,0.0000,0.0000,0.0000,0.0000,0.0000,0.0000,0.0000,0.1599,0.1206,0.0000,
2021-10-31,0.4155,0.3294,0.0000,0.0000,0.0000,0.0000,0.2889,0.0000,0.0000,0.2472,0.2016,0.0719,0.2942,0.3023,0.0000,0.0000,0.0000,0.0000,0.0000,0.0000,0.0000,0.1428,0.1048,0.0000,
2021-10-30,0.3834,0.3056,0.0000,0.0000,0.0000,0.0000,0.2684,0.0000,0.0000,0.2255,0.1732,0.0614,0.2617,0.2701,0.0000,0.0000,0.0000,0.0000,0.0000,0.0000,0.0000,0.1253,0.0888,0.0000,
2021-10-29,0.4044,0.2810,0.0000,0.0000,0.0000,0.0000,0.2472,0.0000,0.0000,0.2031,0.1438,0.0504,0.2277,0.2365,0.0000,0.0000,0.0000,0.0000,0.0000,0.0000,0.0000,0.1072,0.0814,0.0000,
2021-10-28,0.3718,0.2554,0.0000,0.0000,0.0000,0.0000,0.2255,0.0000,0.0000,0.1800,0.1134,0.0389,0.1921,0.2013,0.0000,0.0000,0.0000,0.0000,0.0000,0.0000,0.0000,0.0959,0.0739,0.0000,
2021-10-27,0.3374,0.2290,0.0000,0.0000,0.0000,0.0000,0.2031,0.0000,0.0000,0.1563,0.0819,0.0315,0.1595,0.1691,0.0000,0.0000,0.0000,0.0000,0.0000,0.0000,0.0000,0.0842,0.0663,0.0000,
2021-10-26,0.3011,0.2016,0.0000,0.0000,0.0000,0.0000,0.1800,0.0000,0.0000,0.1319,0.0552,0.0237,0.1299,0.1400,0.0000,0.0000,0.0000,0.0000,0.0000,0.0000,0.0000,0.0722,0.0585,0.0000,
2021-10-25,0.2629,0.1732,0.0000,0.0000,0.0000,0.0000,0.1563,0.0000,0.0000,0.1068,0.0335,0.0202,0.1037,0.1142,0.0000,0.0000,0.0000,0.0000,0.0000,0.0000,0.0000,0.0598,0.0506,0.0000,
2021-10-24,0.2225,0.1438,0.0000,0.0000,0.0000,0.0000,0.1319,0.0000,0.0000,0.0810,0.0170,0.0165,0.0808,0.0918,0.0000,0.0000,0.0000,0.0000,0.0000,0.0000,0.0000,0.0471,0.0425,0.0000,
2021-10-23,0.1799,0.1134,0.0000,0.0000,0.0000,0.0000,0.1068,0.0000,0.0000,0.0544,0.0057,0.0126,0.0614,0.0730,0.0000,0.0000,0.0000,0.0000,0.0000,0.0000,0.0000,0.0340,0.0343,0.0000,
2021-10-22,0.1898,0.0819,0.0000,0.0000,0.0000,0.0000,0.0810,0.0000,0.0000,0.0343,0.0000,0.0086,0.0458,0.0579,0.0000,0.0000,0.0000,0.0000,0.0000,0.0000,0.0000,0.0205,0.0260,0.0000,
2021-10-21,0.1454,0.0552,0.0000,0.0000,0.0000,0.0000,0.0544,0.0000,0.0000,0.0209,0.0000,0.0044,0.0295,0.0422,0.0000,0.0000,0.0000,0.0000,0.0000,0.0000,0.0000,0.0139,0.0175,0.0000,
2021-10-20,0.0986,0.0335,0.0000,0.0000,0.0000,0.0000,0.0343,0.0000,0.0000,0.0070,0.0000,0.0000,0.0171,0.0257,0.0000,0.0000,0.0000,0.0000,0.0000,0.0000,0.0000,0.0070,0.0088,0.0000,
2021-10-19,0.0492,0.0170,0.0000,0.0000,0.0000,0.0000,0.0209,0.0000,0.0000,0.0000,0.0000,0.0000,0.0086,0.0130,0.0000,0.0000,0.0000,0.0000,0.0000,0.0000,0.0000,0.0000,0.0088,0.0000,
2021-10-18,0.0519,0.0057,0.0000,0.0000,0.0000,0.0000,0.0070,0.0000,0.0000,0.0000,0.0000,0.0000,0.0044,0.0044,0.0000,0.0000,0.0000,0.0000,0.0000,0.0000,0.0000,0.0000,0.0000,0.0000,
2021-10-17,0.0000,0.0000,0.0000,0.0000,0.0000,0.0000,0.0000,0.0000,0.0000,0.0000,0.0000,0.0000,0.0000,0.0000,0.0000,0.0000,0.0000,0.0000,0.0000,0.0000,0.0000,0.0000,0.0000,0.0000,
2021-10-16,0.0000,0.0000,0.0000,0.0000,0.0000,0.0000,0.0000,0.0000,0.0000,0.0000,0.0000,0.0000,0.0000,0.0000,0.0000,0.0000,0.0000,0.0000,0.0000,0.0000,0.0000,0.0000,0.0000,0.0000,
2021-10-15,0.0000,0.0000,0.0000,0.0000,0.0000,0.0000,0.0000,0.0000,0.0000,0.0000,0.0000,0.0000,0.0000,0.0000,0.0000,0.0000,0.0000,0.0000,0.0000,0.0000,0.0000,0.0000,0.0000,0.0000,
2021-10-14,0.0000,0.0000,0.0000,0.0000,0.0000,0.0000,0.0000,0.0000,0.0000,0.0000,0.0000,0.0000,0.0000,0.0000,0.0000,0.0000,0.0000,0.0000,0.0000,0.0000,0.0000,0.0000,0.0000,0.0000,
2021-10-13,0.0000,0.0000,0.0000,0.0000,0.0000,0.0000,0.0000,0.0000,0.0000,0.0000,0.0000,0.0000,0.0000,0.0000,0.0000,0.0000,0.0000,0.0000,0.0000,0.0000,0.0000,0.0000,0.0000,0.0000,
2021-10-12,0.0000,0.0000,0.0000,0.0000,0.0000,0.0000,0.0000,0.0000,0.0000,0.0000,0.0000,0.0000,0.0000,0.0000,0.0000,0.0000,0.0000,0.0000,0.0000,0.0000,0.0000,0.0000,0.0000,0.0000,
2021-10-11,0.0000,0.0000,0.0000,0.0000,0.0000,0.0000,0.0000,0.0000,0.0000,0.0000,0.0000,0.0000,0.0000,0.0000,0.0000,0.0000,0.0000,0.0000,0.0000,0.0000,0.0000,0.0000,0.0000,0.0000,
2021-10-10,0.0000,0.0000,0.0000,0.0000,0.0000,0.0000,0.0000,0.0000,0.0000,0.0000,0.0000,0.0000,0.0000,0.0000,0.0000,0.0000,0.0000,0.0000,0.0000,0.0000,0.0000,0.0000,0.0000,0.0000,
2021-10-09,0.0000,0.0000,0.0000,0.0000,0.0000,0.0000,0.0000,0.0000,0.0000,0.0000,0.0000,0.0000,0.0000,0.0000,0.0000,0.0000,0.0000,0.0000,0.0000,0.0000,0.0000,0.0000,0.0000,0.0000,
2021-10-08,0.0000,0.0000,0.0000,0.0000,0.0000,0.0000,0.0000,0.0000,0.0000,0.0000,0.0000,0.0000,0.0000,0.0000,0.0000,0.0000,0.0000,0.0000,0.0000,0.0000,0.0000,0.0000,0.0000,0.0000,
